{"nm":"newScene","ddd":0,"h":667,"w":667,"meta":{"g":"LF SVG to Lottie"},"layers":[{"ty":4,"nm":"surface10909","sr":1,"st":0,"op":80,"ip":0,"hd":false,"ddd":0,"bm":0,"hasMask":false,"ao":0,"ks":{"a":{"a":0,"k":[0,0]},"s":{"a":0,"k":[133.4,133.4]},"sk":{"a":0,"k":0},"p":{"a":0,"k":[0,0,0],"ix":2},"r":{"a":0,"k":0},"sa":{"a":0,"k":0},"o":{"a":0,"k":100}},"ef":[],"shapes":[{"ty":"gr","bm":0,"hd":false,"nm":"surface10909","it":[{"ty":"gr","bm":0,"hd":false,"nm":"","it":[{"ty":"sh","bm":0,"hd":false,"nm":"","d":1,"ks":{"a":0,"k":{"c":true,"i":[[0,0],[0,0],[0,0],[0,0],[0,0],[0,0],[0,0],[0,0],[0,0],[0,0],[0,0],[0,0],[0,0],[0,0],[0,0]],"o":[[0,0],[0,0],[0,0],[0,0],[0,0],[0,0],[0,0],[0,0],[0,0],[0,0],[0,0],[0,0],[0,0],[0,0],[0,0]],"v":[[452,155],[452,184],[488,184],[488,173],[463.9,173],[464.2,165.7],[464.5,158.5],[475.3,158.2],[486,157.9],[486,148],[464,148],[464,137],[483,137],[483,126],[452,126]]}}},{"ty":"fl","bm":0,"hd":false,"nm":"","c":{"a":0,"k":[0,0,0]},"r":2,"o":{"a":0,"k":100}},{"ty":"tr","a":{"a":0,"k":[0,0]},"s":{"a":0,"k":[100,100]},"sk":{"a":0,"k":0},"p":{"a":0,"k":[0,0]},"r":{"a":0,"k":0},"sa":{"a":0,"k":0},"o":{"a":0,"k":100}}]},{"ty":"gr","bm":0,"hd":false,"nm":"","it":[{"ty":"sh","bm":0,"hd":false,"nm":"","d":1,"ks":{"a":0,"k":{"c":true,"i":[[0,0],[0,0],[0,0],[0,0],[-3.1,0],[-3.6,-4],[0,0],[0,0],[0,0],[0,0],[0,0],[-1.5,2.6],[0,5.9],[2.3,3.9],[16.9,0],[0,0]],"o":[[0,0],[0,0],[0,0],[0,-4.9],[2.4,0],[0,0],[0,0],[0,0],[0,0],[0,0],[1.9,-1.3],[2.3,-3.9],[0,-5.8],[-5.3,-9.1],[0,0],[0,0]],"v":[[399,155],[399,184],[411,184],[411,179],[414.1,174],[421.7,179],[426.2,184],[442.2,184],[436.1,177.3],[430,170.7],[433.5,168.3],[439.7,161.2],[442.5,149.5],[439.7,137.8],[410.9,126],[399,126]]}}},{"ty":"sh","bm":0,"hd":false,"nm":"","d":1,"ks":{"a":0,"k":{"c":true,"i":[[0,0],[0.9,-4.6],[8.6,0],[0,0],[0,0],[0,0],[-1.8,-1.1]],"o":[[3.6,2.2],[-1.3,7.1],[0,0],[0,0],[0,0],[3.5,0],[0,0]],"v":[[425.1,138.7],[430.6,152.2],[415.5,163],[411,163],[411,137],[416.6,137],[425.1,138.7]]}}},{"ty":"fl","bm":0,"hd":false,"nm":"","c":{"a":0,"k":[0,0,0]},"r":2,"o":{"a":0,"k":100}},{"ty":"tr","a":{"a":0,"k":[0,0]},"s":{"a":0,"k":[100,100]},"sk":{"a":0,"k":0},"p":{"a":0,"k":[0,0]},"r":{"a":0,"k":0},"sa":{"a":0,"k":0},"o":{"a":0,"k":100}}]},{"ty":"gr","bm":0,"hd":false,"nm":"","it":[{"ty":"sh","bm":0,"hd":false,"nm":"","d":1,"ks":{"a":0,"k":{"c":true,"i":[[0,0],[0,-0.3],[-3.2,0],[0,0],[0,0],[0,0],[0,0],[0,0],[0.2,0.6],[0.4,0],[8.1,-15.6]],"o":[[-8.2,15.6],[0,0.3],[0,0],[0,0],[0,0],[0,0],[0,0],[3.8,0],[-0.8,-2.4],[-0.3,0],[0,0]],"v":[[346.8,154.4],[332,183.4],[337.8,184],[343.7,184],[347.3,176],[375.7,176],[379.3,184],[385.7,184],[391.8,183],[362,126],[346.8,154.4]]}}},{"ty":"sh","bm":0,"hd":false,"nm":"","d":1,"ks":{"a":0,"k":{"c":true,"i":[[0,0],[0,-0.3],[4.7,0],[0,0.3],[-0.5,0],[-2.2,-4.4]],"o":[[2.2,4.4],[0,0.3],[-4.7,0],[0,-1],[0.3,0],[0,0]],"v":[[366,156],[370,164.5],[361.5,165],[353,164.5],[361.5,148],[366,156]]}}},{"ty":"fl","bm":0,"hd":false,"nm":"","c":{"a":0,"k":[0,0,0]},"r":2,"o":{"a":0,"k":100}},{"ty":"tr","a":{"a":0,"k":[0,0]},"s":{"a":0,"k":[100,100]},"sk":{"a":0,"k":0},"p":{"a":0,"k":[0,0]},"r":{"a":0,"k":0},"sa":{"a":0,"k":0},"o":{"a":0,"k":100}}]},{"ty":"gr","bm":0,"hd":false,"nm":"","it":[{"ty":"sh","bm":0,"hd":false,"nm":"","d":1,"ks":{"a":0,"k":{"c":true,"i":[[0,0],[0,0],[0,0],[0,0],[0,0],[0,0],[-1.5,0.7],[13.3,11],[12.8,0],[0,0]],"o":[[0,0],[0,0],[0,0],[0,0],[0,0],[3.9,-0.3],[16.2,-6.5],[-5.6,-4.6],[0,0],[0,0]],"v":[[196,155],[196,184.1],[207.4,183.5],[207.4,179.5],[207.5,175.5],[214.5,174.9],[224.3,173.1],[231.2,132],[207.3,126],[196,126]]}}},{"ty":"sh","bm":0,"hd":false,"nm":"","d":1,"ks":{"a":0,"k":{"c":true,"i":[[0,0],[0,-5.3],[9.7,0],[0,0],[0,0],[0,0],[-1.3,-0.8]],"o":[[3.8,2.1],[0,9.3],[0,0],[0,0],[0,0],[3.1,0.1],[0,0]],"v":[[220.8,138.4],[227,150.3],[212.7,164],[207.3,164],[207.1,137],[212.8,137],[220.8,138.39]]}}},{"ty":"fl","bm":0,"hd":false,"nm":"","c":{"a":0,"k":[0,0,0]},"r":2,"o":{"a":0,"k":100}},{"ty":"tr","a":{"a":0,"k":[0,0]},"s":{"a":0,"k":[100,100]},"sk":{"a":0,"k":0},"p":{"a":0,"k":[0,0]},"r":{"a":0,"k":0},"sa":{"a":0,"k":0},"o":{"a":0,"k":100}}]},{"ty":"gr","bm":0,"hd":false,"nm":"","it":[{"ty":"sh","bm":0,"hd":false,"nm":"","d":1,"ks":{"a":0,"k":{"c":true,"i":[[0,0],[0,0],[0,0],[0,0],[-3.2,0],[-4,-3.9],[0,0],[0,0],[0,0],[0,0],[0,0],[-0.1,7.4],[8.4,4.5],[11.6,0.3],[0,0],[0,0]],"o":[[0,0],[0,0],[0,0],[0,-5],[2.5,0],[0,0],[0,0],[0,0],[0,0],[0,0],[5.5,-4.7],[0,-9.6],[-3.4,-1.8],[0,0],[0,0],[0,0]],"v":[[74,154.9],[74,184],[86,184],[86,179],[89.2,174],[97.5,179],[102.7,184.1],[117.5,183.5],[111.6,177.2],[105.7,171],[110,167.3],[118,149.7],[105.5,128.7],[87.8,126.2],[74,125.8],[74,154.9]]}}},{"ty":"sh","bm":0,"hd":false,"nm":"","d":1,"ks":{"a":0,"k":{"c":true,"i":[[0,0],[0,-5.1],[9.6,0],[0,0],[0,0],[0,0],[-1.4,-0.6]],"o":[[3.7,1.4],[0,8.5],[0,0],[0,0],[0,0],[3,0],[0,0]],"v":[[99.4,138],[106,149.8],[91.1,163],[86,163],[86,137],[91.4,137],[99.4,138]]}}},{"ty":"fl","bm":0,"hd":false,"nm":"","c":{"a":0,"k":[0,0,0]},"r":2,"o":{"a":0,"k":100}},{"ty":"tr","a":{"a":0,"k":[0,0]},"s":{"a":0,"k":[100,100]},"sk":{"a":0,"k":0},"p":{"a":0,"k":[0,0]},"r":{"a":0,"k":0},"sa":{"a":0,"k":0},"o":{"a":0,"k":100}}]},{"ty":"gr","bm":0,"hd":false,"nm":"","it":[{"ty":"sh","bm":0,"hd":false,"nm":"","d":1,"ks":{"a":0,"k":{"c":true,"i":[[0,0],[-7.2,-16.2],[-14.9,14.3],[0,3.8],[5.2,-0.1],[1.4,-3.5],[7.9,0],[3.2,7.5],[-13.6,-3.6],[-2.1,-1.9],[0,0],[0,0],[4.4,4.4],[10.4,-3.7]],"o":[[-16.8,6],[8.2,18.6],[4.1,-4],[0,-2.1],[-5.3,0.2],[-3.1,7.4],[-7.9,0],[-5.5,-13.3],[2.2,0.6],[0,0],[0,0],[6,-3.8],[-8.1,-8.1],[0,0]],"v":[[288.3,126.8],[270.8,167.3],[318.4,176.2],[327,160.2],[321.4,158.1],[314.4,161.9],[298,173],[281.5,161.8],[302.11,137],[310,141.6],[314,145.2],[317.4,143.1],[319.2,134.2],[288.3,126.8]]}}},{"ty":"fl","bm":0,"hd":false,"nm":"","c":{"a":0,"k":[0,0,0]},"r":2,"o":{"a":0,"k":100}},{"ty":"tr","a":{"a":0,"k":[0,0]},"s":{"a":0,"k":[100,100]},"sk":{"a":0,"k":0},"p":{"a":0,"k":[0,0]},"r":{"a":0,"k":0},"sa":{"a":0,"k":0},"o":{"a":0,"k":100}}]},{"ty":"gr","bm":0,"hd":false,"nm":"","it":[{"ty":"sh","bm":0,"hd":false,"nm":"","d":1,"ks":{"a":0,"k":{"c":true,"i":[[0,0],[3.5,-4.5],[-4.4,-9.8],[-15,14.3],[0,3.8],[5,0],[1.5,-3.6],[7.7,-0.1],[3.2,7.5],[-13.6,-3.6],[-2.1,-1.9],[0,0],[0,0],[4.4,4.4],[10.2,-1.8]],"o":[[-4.5,0.8],[-6.5,8.5],[8.2,18.7],[4.1,-3.9],[0,-2],[-5.4,0],[-3.2,7.5],[-7.7,0],[-5.5,-13.3],[2.2,0.6],[0,0],[0,0],[6,-3.8],[-7,-7],[0,0]],"v":[[27.9,125.6],[11.3,136.8],[7.8,167.2],[55.4,176.2],[64,160.2],[58.5,158],[51.5,161.7],[35.1,173.2],[18.5,161.8],[39.1,137],[47,141.6],[51,145.2],[54.4,143.1],[56.2,134.2],[27.9,125.6]]}}},{"ty":"fl","bm":0,"hd":false,"nm":"","c":{"a":0,"k":[0,0,0]},"r":2,"o":{"a":0,"k":100}},{"ty":"tr","a":{"a":0,"k":[0,0]},"s":{"a":0,"k":[100,100]},"sk":{"a":0,"k":0},"p":{"a":0,"k":[0,0]},"r":{"a":0,"k":0},"sa":{"a":0,"k":0},"o":{"a":0,"k":100}}]},{"ty":"tr","a":{"a":0,"k":[0,0]},"s":{"a":0,"k":[100,100]},"sk":{"a":0,"k":0},"p":{"a":0,"k":[0,0]},"r":{"a":0,"k":0},"sa":{"a":0,"k":0},"o":{"a":0,"k":100}}]},{"ty":"tm","bm":0,"hd":false,"mn":"ADBE Vector Filter - Trim","nm":"Trim Paths 1","ix":2,"e":{"a":1,"k":[{"o":{"x":0.17,"y":0.17},"i":{"x":0.35,"y":1},"s":[25],"t":0},{"s":[100],"t":55}],"ix":2},"o":{"a":0,"k":0,"ix":3},"s":{"a":0,"k":0,"ix":1},"m":1}],"ind":1}],"v":"5.6.6","fr":27,"op":80,"ip":0,"assets":[]}