{"v":"5.12.1","fr":30,"ip":0,"op":530,"w":1024,"h":900,"nm":"gr1","ddd":0,"assets":[],"layers":[{"ddd":0,"ind":1,"ty":4,"nm":"Layer 6","sr":1,"ks":{"o":{"a":0,"k":100,"ix":11},"r":{"a":1,"k":[{"i":{"x":[0.667],"y":[1]},"o":{"x":[0.333],"y":[0]},"t":25,"s":[0]},{"i":{"x":[0.667],"y":[1]},"o":{"x":[0.333],"y":[0]},"t":145,"s":[-9]},{"i":{"x":[0.667],"y":[1]},"o":{"x":[0.333],"y":[0]},"t":265,"s":[0]},{"i":{"x":[0.667],"y":[1]},"o":{"x":[0.333],"y":[0]},"t":385,"s":[9]},{"t":505,"s":[0]}],"ix":10},"p":{"a":0,"k":[1206.514,-59.851,0],"ix":2,"l":2},"a":{"a":0,"k":[0,0,0],"ix":1,"l":2},"s":{"a":1,"k":[{"i":{"x":[0.667,0.667,0.667],"y":[1,1,1]},"o":{"x":[0.333,0.333,0.333],"y":[0,0,0]},"t":25,"s":[100,100,100]},{"i":{"x":[0.667,0.667,0.667],"y":[1,1,1]},"o":{"x":[0.333,0.333,0.333],"y":[0,0,0]},"t":145,"s":[134.764,134.764,100]},{"i":{"x":[0.667,0.667,0.667],"y":[1,1,1]},"o":{"x":[0.333,0.333,0.333],"y":[0,0,0]},"t":265,"s":[100,100,100]},{"i":{"x":[0.667,0.667,0.667],"y":[1,1,1]},"o":{"x":[0.333,0.333,0.333],"y":[0,0,0]},"t":385,"s":[134.764,134.764,100]},{"t":505,"s":[100,100,100]}],"ix":6,"l":2}},"ao":0,"ef":[{"ty":29,"nm":"Gaussian Blur","np":5,"mn":"ADBE Gaussian Blur 2","ix":1,"en":1,"ef":[{"ty":0,"nm":"Blurriness","mn":"ADBE Gaussian Blur 2-0001","ix":1,"v":{"a":0,"k":150,"ix":1}},{"ty":7,"nm":"Blur Dimensions","mn":"ADBE Gaussian Blur 2-0002","ix":2,"v":{"a":0,"k":1,"ix":2}},{"ty":7,"nm":"Repeat Edge Pixels","mn":"ADBE Gaussian Blur 2-0003","ix":3,"v":{"a":0,"k":0,"ix":3}}]}],"shapes":[{"ty":"gr","it":[{"ind":0,"ty":"sh","ix":1,"ks":{"a":0,"k":{"i":[[350.506,338.315],[-429.671,-292.588],[-219.085,-449.194],[448.196,448.091],[449.016,449.194],[448.196,448.091]],"o":[[-569.847,176.202],[-429.671,-292.588],[-219.085,-449.194],[448.766,448.818],[449.016,449.194],[439.206,436.642]],"v":[[-95.525,259.75],[-429.671,-292.588],[-219.085,-449.194],[448.196,448.091],[449.016,449.194],[448.196,448.091]],"c":true},"ix":2},"nm":"Path 1","mn":"ADBE Vector Shape - Group","hd":false,"_render":true},{"ty":"fl","c":{"a":0,"k":[0.0235,0.1686,0.0667,1],"ix":4},"o":{"a":0,"k":100,"ix":5},"r":1,"bm":0,"nm":"Fill 1","mn":"ADBE Vector Graphic - Fill","hd":false,"_render":true},{"ty":"tr","p":{"a":0,"k":[0,0],"ix":2},"a":{"a":0,"k":[0,0],"ix":1},"s":{"a":0,"k":[100,100],"ix":3},"r":{"a":0,"k":0,"ix":6},"o":{"a":0,"k":100,"ix":7},"sk":{"a":0,"k":0,"ix":4},"sa":{"a":0,"k":0,"ix":5},"nm":"Transform","_render":true}],"nm":"Group 1","np":2,"cix":2,"bm":0,"ix":1,"mn":"ADBE Vector Group","hd":false,"_render":true},{"ty":"gr","it":[{"ty":"rc","d":1,"s":{"a":0,"k":[1200,900],"ix":2},"p":{"a":0,"k":[0,0],"ix":3},"r":{"a":0,"k":0,"ix":4},"nm":"Rectangle Path 1","mn":"ADBE Vector Shape - Rect","hd":false,"_render":true},{"ty":"st","c":{"a":0,"k":[0.322,0.598,0.4048,1],"ix":3},"o":{"a":0,"k":100,"ix":4},"w":{"a":0,"k":0,"ix":5},"lc":1,"lj":1,"ml":4,"bm":0,"nm":"Stroke 1","mn":"ADBE Vector Graphic - Stroke","hd":false,"_render":true},{"ty":"fl","c":{"a":0,"k":[0.1134,0.7266,0.2974,1],"ix":4},"o":{"a":0,"k":0,"ix":5},"r":1,"bm":0,"nm":"Fill 1","mn":"ADBE Vector Graphic - Fill","hd":false,"_render":true},{"ty":"tr","p":{"a":0,"k":[0,0],"ix":2},"a":{"a":0,"k":[0,0],"ix":1},"s":{"a":0,"k":[178.543,174.429],"ix":3},"r":{"a":0,"k":0,"ix":6},"o":{"a":0,"k":100,"ix":7},"sk":{"a":0,"k":0,"ix":4},"sa":{"a":0,"k":0,"ix":5},"nm":"Transform","_render":true}],"nm":"Rectangle 1","np":3,"cix":2,"bm":0,"ix":2,"mn":"ADBE Vector Group","hd":false,"_render":true}],"ip":0,"op":1535,"st":25,"ct":1,"bm":0,"completed":true},{"ddd":0,"ind":2,"ty":4,"nm":"Layer 5","sr":1,"ks":{"o":{"a":0,"k":100,"ix":11},"r":{"a":1,"k":[{"i":{"x":[0.667],"y":[1]},"o":{"x":[0.333],"y":[0]},"t":20,"s":[0]},{"i":{"x":[0.667],"y":[1]},"o":{"x":[0.333],"y":[0]},"t":140,"s":[-9]},{"i":{"x":[0.667],"y":[1]},"o":{"x":[0.333],"y":[0]},"t":260,"s":[0]},{"i":{"x":[0.667],"y":[1]},"o":{"x":[0.333],"y":[0]},"t":380,"s":[9]},{"t":500,"s":[0]}],"ix":10},"p":{"a":0,"k":[1073.85,-30.391,0],"ix":2,"l":2},"a":{"a":0,"k":[0,0,0],"ix":1,"l":2},"s":{"a":1,"k":[{"i":{"x":[0.667,0.667,0.667],"y":[1,1,1]},"o":{"x":[0.333,0.333,0.333],"y":[0,0,0]},"t":20,"s":[100,100,100]},{"i":{"x":[0.667,0.667,0.667],"y":[1,1,1]},"o":{"x":[0.333,0.333,0.333],"y":[0,0,0]},"t":140,"s":[134.764,134.764,100]},{"i":{"x":[0.667,0.667,0.667],"y":[1,1,1]},"o":{"x":[0.333,0.333,0.333],"y":[0,0,0]},"t":260,"s":[100,100,100]},{"i":{"x":[0.667,0.667,0.667],"y":[1,1,1]},"o":{"x":[0.333,0.333,0.333],"y":[0,0,0]},"t":380,"s":[134.764,134.764,100]},{"t":500,"s":[100,100,100]}],"ix":6,"l":2}},"ao":0,"ef":[{"ty":29,"nm":"Gaussian Blur","np":5,"mn":"ADBE Gaussian Blur 2","ix":1,"en":1,"ef":[{"ty":0,"nm":"Blurriness","mn":"ADBE Gaussian Blur 2-0001","ix":1,"v":{"a":0,"k":150,"ix":1}},{"ty":7,"nm":"Blur Dimensions","mn":"ADBE Gaussian Blur 2-0002","ix":2,"v":{"a":0,"k":1,"ix":2}},{"ty":7,"nm":"Repeat Edge Pixels","mn":"ADBE Gaussian Blur 2-0003","ix":3,"v":{"a":0,"k":0,"ix":3}}]}],"shapes":[{"ty":"gr","it":[{"ind":0,"ty":"sh","ix":1,"ks":{"a":0,"k":{"i":[[373.86,325.663],[-467.951,-214.723],[-174.945,-432.62],[467.71,431.558],[468.5,432.62],[467.71,431.558]],"o":[[-501.198,161.09799999999998],[-467.951,-214.723],[-174.945,-432.62],[468.26,432.258],[468.5,432.62],[459.06,420.527]],"v":[[-50.221,245.909],[-467.951,-214.723],[-174.945,-432.62],[467.71,431.558],[468.5,432.62],[467.71,431.558]],"c":true},"ix":2},"nm":"Path 1","mn":"ADBE Vector Shape - Group","hd":false,"_render":true},{"ty":"fl","c":{"a":0,"k":[0.1134,0.7266,0.2974,1],"ix":4},"o":{"a":0,"k":100,"ix":5},"r":1,"bm":0,"nm":"Fill 1","mn":"ADBE Vector Graphic - Fill","hd":false,"_render":true},{"ty":"tr","p":{"a":0,"k":[0,0],"ix":2},"a":{"a":0,"k":[0,0],"ix":1},"s":{"a":0,"k":[100,100],"ix":3},"r":{"a":0,"k":0,"ix":6},"o":{"a":0,"k":100,"ix":7},"sk":{"a":0,"k":0,"ix":4},"sa":{"a":0,"k":0,"ix":5},"nm":"Transform","_render":true}],"nm":"Group 1","np":2,"cix":2,"bm":0,"ix":1,"mn":"ADBE Vector Group","hd":false,"_render":true},{"ty":"gr","it":[{"ty":"rc","d":1,"s":{"a":0,"k":[1200,900],"ix":2},"p":{"a":0,"k":[0,0],"ix":3},"r":{"a":0,"k":0,"ix":4},"nm":"Rectangle Path 1","mn":"ADBE Vector Shape - Rect","hd":false,"_render":true},{"ty":"st","c":{"a":0,"k":[0.322,0.598,0.4048,1],"ix":3},"o":{"a":0,"k":100,"ix":4},"w":{"a":0,"k":0,"ix":5},"lc":1,"lj":1,"ml":4,"bm":0,"nm":"Stroke 1","mn":"ADBE Vector Graphic - Stroke","hd":false,"_render":true},{"ty":"fl","c":{"a":0,"k":[0.1134,0.7266,0.2974,1],"ix":4},"o":{"a":0,"k":0,"ix":5},"r":1,"bm":0,"nm":"Fill 1","mn":"ADBE Vector Graphic - Fill","hd":false,"_render":true},{"ty":"tr","p":{"a":0,"k":[0,0],"ix":2},"a":{"a":0,"k":[0,0],"ix":1},"s":{"a":0,"k":[178.543,174.429],"ix":3},"r":{"a":0,"k":0,"ix":6},"o":{"a":0,"k":100,"ix":7},"sk":{"a":0,"k":0,"ix":4},"sa":{"a":0,"k":0,"ix":5},"nm":"Transform","_render":true}],"nm":"Rectangle 1","np":3,"cix":2,"bm":0,"ix":2,"mn":"ADBE Vector Group","hd":false,"_render":true}],"ip":0,"op":1530,"st":20,"ct":1,"bm":0,"completed":true},{"ddd":0,"ind":3,"ty":4,"nm":"Layer 4","sr":1,"ks":{"o":{"a":0,"k":100,"ix":11},"r":{"a":1,"k":[{"i":{"x":[0.667],"y":[1]},"o":{"x":[0.333],"y":[0]},"t":15,"s":[0]},{"i":{"x":[0.667],"y":[1]},"o":{"x":[0.333],"y":[0]},"t":135,"s":[-9]},{"i":{"x":[0.667],"y":[1]},"o":{"x":[0.333],"y":[0]},"t":255,"s":[0]},{"i":{"x":[0.667],"y":[1]},"o":{"x":[0.333],"y":[0]},"t":375,"s":[9]},{"t":495,"s":[0]}],"ix":10},"p":{"a":0,"k":[988.859,75.079,0],"ix":2,"l":2},"a":{"a":0,"k":[0,0,0],"ix":1,"l":2},"s":{"a":1,"k":[{"i":{"x":[0.667,0.667,0.667],"y":[1,1,1]},"o":{"x":[0.333,0.333,0.333],"y":[0,0,0]},"t":15,"s":[100,100,100]},{"i":{"x":[0.667,0.667,0.667],"y":[1,1,1]},"o":{"x":[0.333,0.333,0.333],"y":[0,0,0]},"t":135,"s":[134.764,134.764,100]},{"i":{"x":[0.667,0.667,0.667],"y":[1,1,1]},"o":{"x":[0.333,0.333,0.333],"y":[0,0,0]},"t":255,"s":[100,100,100]},{"i":{"x":[0.667,0.667,0.667],"y":[1,1,1]},"o":{"x":[0.333,0.333,0.333],"y":[0,0,0]},"t":375,"s":[134.764,134.764,100]},{"t":495,"s":[100,100,100]}],"ix":6,"l":2}},"ao":0,"ef":[{"ty":29,"nm":"Gaussian Blur","np":5,"mn":"ADBE Gaussian Blur 2","ix":1,"en":1,"ef":[{"ty":0,"nm":"Blurriness","mn":"ADBE Gaussian Blur 2-0001","ix":1,"v":{"a":0,"k":100,"ix":1}},{"ty":7,"nm":"Blur Dimensions","mn":"ADBE Gaussian Blur 2-0002","ix":2,"v":{"a":0,"k":1,"ix":2}},{"ty":7,"nm":"Repeat Edge Pixels","mn":"ADBE Gaussian Blur 2-0003","ix":3,"v":{"a":0,"k":0,"ix":3}}]}],"shapes":[{"ty":"gr","it":[{"ind":0,"ty":"sh","ix":1,"ks":{"a":1,"k":[{"i":{"x":0.833,"y":1},"o":{"x":0.333,"y":0},"t":75,"s":[{"i":[[353.721,280.598],[-500.894,-232.49],[-167.127,-480.7],[611.341,363.917]],"o":[[-511.075,30.775000000000006],[-500.894,-232.49],[-167.127,-480.7],[363.81100000000004,557.27]],"v":[[-78.678,155.686],[-500.894,-232.49],[-167.127,-480.7],[487.581,460.594]],"c":true}]},{"i":{"x":0.833,"y":1},"o":{"x":0.167,"y":0},"t":195,"s":[{"i":[[334.557,328.654],[-500.894,-232.49],[-167.127,-480.7],[611.341,363.917]],"o":[[-530.239,78.83099999999999],[-500.894,-232.49],[-167.127,-480.7],[363.81100000000004,557.27]],"v":[[-97.842,203.742],[-500.894,-232.49],[-167.127,-480.7],[487.581,460.594]],"c":true}]},{"i":{"x":0.833,"y":1},"o":{"x":0.167,"y":0},"t":315,"s":[{"i":[[124.15300000000002,457.602],[-500.894,-232.49],[-167.127,-480.7],[611.341,363.917]],"o":[[-453.65999999999997,-99.24199999999999],[-500.894,-232.49],[-167.127,-480.7],[363.81100000000004,557.27]],"v":[[-129.581,213.076],[-500.894,-232.49],[-167.127,-480.7],[487.581,460.594]],"c":true}]},{"i":{"x":0.667,"y":1},"o":{"x":0.167,"y":0},"t":435,"s":[{"i":[[11.236999999999995,134.145],[-500.894,-232.49],[-167.127,-480.7],[611.341,363.917]],"o":[[-362.578,114.777],[-500.894,-232.49],[-167.127,-480.7],[363.81100000000004,557.27]],"v":[[-215.336,122.406],[-500.894,-232.49],[-167.127,-480.7],[487.581,460.594]],"c":true}]},{"t":529,"s":[{"i":[[353.721,280.598],[-500.894,-232.49],[-167.127,-480.7],[611.341,363.917]],"o":[[-511.075,30.775000000000006],[-500.894,-232.49],[-167.127,-480.7],[363.81100000000004,557.27]],"v":[[-78.678,155.686],[-500.894,-232.49],[-167.127,-480.7],[487.581,460.594]],"c":true}]}],"ix":2},"nm":"Path 1","mn":"ADBE Vector Shape - Group","hd":false,"_render":true},{"ty":"fl","c":{"a":0,"k":[0.48,1,0.636,1],"ix":4},"o":{"a":0,"k":100,"ix":5},"r":1,"bm":0,"nm":"Fill 1","mn":"ADBE Vector Graphic - Fill","hd":false,"_render":true},{"ty":"tr","p":{"a":0,"k":[0,0],"ix":2},"a":{"a":0,"k":[0,0],"ix":1},"s":{"a":0,"k":[100,100],"ix":3},"r":{"a":0,"k":0,"ix":6},"o":{"a":0,"k":100,"ix":7},"sk":{"a":0,"k":0,"ix":4},"sa":{"a":0,"k":0,"ix":5},"nm":"Transform","_render":true}],"nm":"Group 1","np":2,"cix":2,"bm":0,"ix":1,"mn":"ADBE Vector Group","hd":false,"_render":true},{"ty":"gr","it":[{"ty":"rc","d":1,"s":{"a":0,"k":[1200,900],"ix":2},"p":{"a":0,"k":[0,0],"ix":3},"r":{"a":0,"k":0,"ix":4},"nm":"Rectangle Path 1","mn":"ADBE Vector Shape - Rect","hd":false,"_render":true},{"ty":"st","c":{"a":0,"k":[0.322,0.598,0.4048,1],"ix":3},"o":{"a":0,"k":100,"ix":4},"w":{"a":0,"k":0,"ix":5},"lc":1,"lj":1,"ml":4,"bm":0,"nm":"Stroke 1","mn":"ADBE Vector Graphic - Stroke","hd":false,"_render":true},{"ty":"fl","c":{"a":0,"k":[0.1134,0.7266,0.2974,1],"ix":4},"o":{"a":0,"k":0,"ix":5},"r":1,"bm":0,"nm":"Fill 1","mn":"ADBE Vector Graphic - Fill","hd":false,"_render":true},{"ty":"tr","p":{"a":0,"k":[0,0],"ix":2},"a":{"a":0,"k":[0,0],"ix":1},"s":{"a":0,"k":[178.543,174.429],"ix":3},"r":{"a":0,"k":0,"ix":6},"o":{"a":0,"k":100,"ix":7},"sk":{"a":0,"k":0,"ix":4},"sa":{"a":0,"k":0,"ix":5},"nm":"Transform","_render":true}],"nm":"Rectangle 1","np":3,"cix":2,"bm":0,"ix":2,"mn":"ADBE Vector Group","hd":false,"_render":true}],"ip":0,"op":1525,"st":15,"ct":1,"bm":0,"completed":true},{"ddd":0,"ind":4,"ty":4,"nm":"Layer 3","sr":1,"ks":{"o":{"a":0,"k":100,"ix":11},"r":{"a":1,"k":[{"i":{"x":[0.667],"y":[1]},"o":{"x":[0.333],"y":[0]},"t":10,"s":[0]},{"i":{"x":[0.667],"y":[1]},"o":{"x":[0.333],"y":[0]},"t":130,"s":[-9]},{"i":{"x":[0.667],"y":[1]},"o":{"x":[0.333],"y":[0]},"t":250,"s":[0]},{"i":{"x":[0.667],"y":[1]},"o":{"x":[0.333],"y":[0]},"t":370,"s":[9]},{"t":490,"s":[0]}],"ix":10},"p":{"a":0,"k":[894.117,84.677,0],"ix":2,"l":2},"a":{"a":0,"k":[0,0,0],"ix":1,"l":2},"s":{"a":1,"k":[{"i":{"x":[0.667,0.667,0.667],"y":[1,1,1]},"o":{"x":[0.333,0.333,0.333],"y":[0,0,0]},"t":10,"s":[100,100,100]},{"i":{"x":[0.667,0.667,0.667],"y":[1,1,1]},"o":{"x":[0.333,0.333,0.333],"y":[0,0,0]},"t":130,"s":[134.764,134.764,100]},{"i":{"x":[0.667,0.667,0.667],"y":[1,1,1]},"o":{"x":[0.333,0.333,0.333],"y":[0,0,0]},"t":250,"s":[100,100,100]},{"i":{"x":[0.667,0.667,0.667],"y":[1,1,1]},"o":{"x":[0.333,0.333,0.333],"y":[0,0,0]},"t":370,"s":[134.764,134.764,100]},{"t":490,"s":[100,100,100]}],"ix":6,"l":2}},"ao":0,"ef":[{"ty":29,"nm":"Gaussian Blur","np":5,"mn":"ADBE Gaussian Blur 2","ix":1,"en":1,"ef":[{"ty":0,"nm":"Blurriness","mn":"ADBE Gaussian Blur 2-0001","ix":1,"v":{"a":0,"k":40,"ix":1}},{"ty":7,"nm":"Blur Dimensions","mn":"ADBE Gaussian Blur 2-0002","ix":2,"v":{"a":0,"k":1,"ix":2}},{"ty":7,"nm":"Repeat Edge Pixels","mn":"ADBE Gaussian Blur 2-0003","ix":3,"v":{"a":0,"k":0,"ix":3}}]}],"shapes":[{"ty":"gr","it":[{"ind":0,"ty":"sh","ix":1,"ks":{"a":1,"k":[{"i":{"x":0.667,"y":1},"o":{"x":0.167,"y":0},"t":67,"s":[{"i":[[262.43899999999996,223.678],[-431.16,-238.63],[-176.178,-428.251],[515.5029999999999,348.31800000000004]],"o":[[-460.894,92.36],[-431.16,-238.63],[-176.178,-428.251],[331.07,485.47700000000003]],"v":[[-99.227,158.019],[-431.16,-238.63],[-176.178,-428.251],[423.289,416.898]],"c":true}]},{"i":{"x":0.833,"y":1},"o":{"x":0.333,"y":0},"t":190,"s":[{"i":[[188.90700000000004,269.543],[-431.16,-238.63],[-176.178,-428.251],[515.5029999999999,348.31800000000004]],"o":[[-468.818,84.65500000000002],[-431.16,-238.63],[-176.178,-428.251],[331.07,485.47700000000003]],"v":[[-114.955,184.127],[-431.16,-238.63],[-176.178,-428.251],[423.289,416.898]],"c":true}]},{"i":{"x":0.833,"y":1},"o":{"x":0.167,"y":0},"t":310,"s":[{"i":[[-115.359,294.51800000000003],[-647.392,-141.284],[-176.178,-428.251],[515.503,348.31800000000004]],"o":[[-339.98699999999997,-178.50400000000002],[-647.392,-141.284],[-176.178,-428.251],[331.071,485.47700000000003]],"v":[[-182.308,153.536],[-647.392,-141.284],[-176.178,-428.251],[423.29,416.898]],"c":true}]},{"i":{"x":0.833,"y":1},"o":{"x":0.167,"y":0},"t":430,"s":[{"i":[[27.69999999999999,201.221],[-420.434,-232.638],[-176.178,-428.251],[515.503,348.31800000000004]],"o":[[-483.06100000000004,37.38599999999998],[-420.434,-232.638],[-176.178,-428.251],[331.071,485.47700000000003]],"v":[[-133.05,149.658],[-420.434,-232.638],[-176.178,-428.251],[423.29,416.898]],"c":true}]},{"t":524,"s":[{"i":[[262.43899999999996,223.678],[-431.16,-238.63],[-176.178,-428.251],[515.5029999999999,348.31800000000004]],"o":[[-460.894,92.36],[-431.16,-238.63],[-176.178,-428.251],[331.07,485.47700000000003]],"v":[[-99.227,158.019],[-431.16,-238.63],[-176.178,-428.251],[423.289,416.898]],"c":true}]}],"ix":2},"nm":"Path 1","mn":"ADBE Vector Shape - Group","hd":false,"_render":true},{"ty":"st","c":{"a":0,"k":[0.0235,0.1686,0.0667,1],"ix":3},"o":{"a":0,"k":100,"ix":4},"w":{"a":0,"k":8,"ix":5},"lc":1,"lj":1,"ml":4,"bm":0,"nm":"Stroke 1","mn":"ADBE Vector Graphic - Stroke","hd":false,"_render":true},{"ty":"tr","p":{"a":0,"k":[0,0],"ix":2},"a":{"a":0,"k":[0,0],"ix":1},"s":{"a":0,"k":[100,100],"ix":3},"r":{"a":0,"k":0,"ix":6},"o":{"a":0,"k":100,"ix":7},"sk":{"a":0,"k":0,"ix":4},"sa":{"a":0,"k":0,"ix":5},"nm":"Transform","_render":true}],"nm":"Group 1","np":2,"cix":2,"bm":0,"ix":1,"mn":"ADBE Vector Group","hd":false,"_render":true},{"ty":"gr","it":[{"ty":"rc","d":1,"s":{"a":0,"k":[1200,900],"ix":2},"p":{"a":0,"k":[0,0],"ix":3},"r":{"a":0,"k":0,"ix":4},"nm":"Rectangle Path 1","mn":"ADBE Vector Shape - Rect","hd":false,"_render":true},{"ty":"st","c":{"a":0,"k":[0.322,0.598,0.4048,1],"ix":3},"o":{"a":0,"k":100,"ix":4},"w":{"a":0,"k":0,"ix":5},"lc":1,"lj":1,"ml":4,"bm":0,"nm":"Stroke 1","mn":"ADBE Vector Graphic - Stroke","hd":false,"_render":true},{"ty":"fl","c":{"a":0,"k":[0.1134,0.7266,0.2974,1],"ix":4},"o":{"a":0,"k":0,"ix":5},"r":1,"bm":0,"nm":"Fill 1","mn":"ADBE Vector Graphic - Fill","hd":false,"_render":true},{"ty":"tr","p":{"a":0,"k":[0,0],"ix":2},"a":{"a":0,"k":[0,0],"ix":1},"s":{"a":0,"k":[178.543,174.429],"ix":3},"r":{"a":0,"k":0,"ix":6},"o":{"a":0,"k":100,"ix":7},"sk":{"a":0,"k":0,"ix":4},"sa":{"a":0,"k":0,"ix":5},"nm":"Transform","_render":true}],"nm":"Rectangle 1","np":3,"cix":2,"bm":0,"ix":2,"mn":"ADBE Vector Group","hd":false,"_render":true}],"ip":0,"op":1520,"st":10,"ct":1,"bm":0,"completed":true},{"ddd":0,"ind":5,"ty":4,"nm":"Layer 2","sr":1,"ks":{"o":{"a":0,"k":100,"ix":11},"r":{"a":1,"k":[{"i":{"x":[0.667],"y":[1]},"o":{"x":[0.333],"y":[0]},"t":5,"s":[0]},{"i":{"x":[0.667],"y":[1]},"o":{"x":[0.333],"y":[0]},"t":125,"s":[-9]},{"i":{"x":[0.667],"y":[1]},"o":{"x":[0.333],"y":[0]},"t":245,"s":[0]},{"i":{"x":[0.667],"y":[1]},"o":{"x":[0.333],"y":[0]},"t":365,"s":[9]},{"t":485,"s":[0]}],"ix":10},"p":{"a":0,"k":[894.117,83.978,0],"ix":2,"l":2},"a":{"a":0,"k":[0,0,0],"ix":1,"l":2},"s":{"a":1,"k":[{"i":{"x":[0.667,0.667,0.667],"y":[1,1,1]},"o":{"x":[0.333,0.333,0.333],"y":[0,0,0]},"t":5,"s":[100,100,100]},{"i":{"x":[0.667,0.667,0.667],"y":[1,1,1]},"o":{"x":[0.333,0.333,0.333],"y":[0,0,0]},"t":125,"s":[134.764,134.764,100]},{"i":{"x":[0.667,0.667,0.667],"y":[1,1,1]},"o":{"x":[0.333,0.333,0.333],"y":[0,0,0]},"t":245,"s":[100,100,100]},{"i":{"x":[0.667,0.667,0.667],"y":[1,1,1]},"o":{"x":[0.333,0.333,0.333],"y":[0,0,0]},"t":365,"s":[134.764,134.764,100]},{"t":485,"s":[100,100,100]}],"ix":6,"l":2}},"ao":0,"shapes":[{"ty":"gr","it":[{"ind":0,"ty":"sh","ix":1,"ks":{"a":1,"k":[{"i":{"x":0.667,"y":1},"o":{"x":0.167,"y":0},"t":62,"s":[{"i":[[262.43899999999996,223.678],[-431.16,-238.63],[-176.178,-428.251],[515.5029999999999,348.31800000000004]],"o":[[-460.894,92.36],[-431.16,-238.63],[-176.178,-428.251],[331.07,485.47700000000003]],"v":[[-99.227,158.019],[-431.16,-238.63],[-176.178,-428.251],[423.289,416.898]],"c":true}]},{"i":{"x":0.833,"y":1},"o":{"x":0.333,"y":0},"t":185,"s":[{"i":[[188.90700000000004,269.543],[-431.16,-238.63],[-176.178,-428.251],[515.5029999999999,348.31800000000004]],"o":[[-468.818,84.65500000000002],[-431.16,-238.63],[-176.178,-428.251],[331.07,485.47700000000003]],"v":[[-114.955,184.127],[-431.16,-238.63],[-176.178,-428.251],[423.289,416.898]],"c":true}]},{"i":{"x":0.833,"y":1},"o":{"x":0.167,"y":0},"t":305,"s":[{"i":[[-115.359,294.51800000000003],[-647.392,-141.284],[-176.178,-428.251],[515.503,348.31800000000004]],"o":[[-339.98699999999997,-178.50400000000002],[-647.392,-141.284],[-176.178,-428.251],[331.071,485.47700000000003]],"v":[[-182.308,153.536],[-647.392,-141.284],[-176.178,-428.251],[423.29,416.898]],"c":true}]},{"i":{"x":0.833,"y":1},"o":{"x":0.167,"y":0},"t":425,"s":[{"i":[[27.69999999999999,201.221],[-420.434,-232.638],[-176.178,-428.251],[515.503,348.31800000000004]],"o":[[-483.06100000000004,37.38599999999998],[-420.434,-232.638],[-176.178,-428.251],[331.071,485.47700000000003]],"v":[[-133.05,149.658],[-420.434,-232.638],[-176.178,-428.251],[423.29,416.898]],"c":true}]},{"t":519,"s":[{"i":[[262.43899999999996,223.678],[-431.16,-238.63],[-176.178,-428.251],[515.5029999999999,348.31800000000004]],"o":[[-460.894,92.36],[-431.16,-238.63],[-176.178,-428.251],[331.07,485.47700000000003]],"v":[[-99.227,158.019],[-431.16,-238.63],[-176.178,-428.251],[423.289,416.898]],"c":true}]}],"ix":2},"nm":"Path 1","mn":"ADBE Vector Shape - Group","hd":false,"_render":true},{"ty":"fl","c":{"a":0,"k":[0.9589,0.9811,0.9656,1],"ix":4},"o":{"a":0,"k":100,"ix":5},"r":1,"bm":0,"nm":"Fill 1","mn":"ADBE Vector Graphic - Fill","hd":false,"_render":true},{"ty":"tr","p":{"a":0,"k":[0,0],"ix":2},"a":{"a":0,"k":[0,0],"ix":1},"s":{"a":0,"k":[100,100],"ix":3},"r":{"a":0,"k":0,"ix":6},"o":{"a":0,"k":100,"ix":7},"sk":{"a":0,"k":0,"ix":4},"sa":{"a":0,"k":0,"ix":5},"nm":"Transform","_render":true}],"nm":"Group 1","np":2,"cix":2,"bm":0,"ix":1,"mn":"ADBE Vector Group","hd":false,"_render":true},{"ty":"gr","it":[{"ty":"rc","d":1,"s":{"a":0,"k":[1200,900],"ix":2},"p":{"a":0,"k":[0,0],"ix":3},"r":{"a":0,"k":0,"ix":4},"nm":"Rectangle Path 1","mn":"ADBE Vector Shape - Rect","hd":false,"_render":true},{"ty":"st","c":{"a":0,"k":[0.322,0.598,0.4048,1],"ix":3},"o":{"a":0,"k":100,"ix":4},"w":{"a":0,"k":0,"ix":5},"lc":1,"lj":1,"ml":4,"bm":0,"nm":"Stroke 1","mn":"ADBE Vector Graphic - Stroke","hd":false,"_render":true},{"ty":"fl","c":{"a":0,"k":[0.1134,0.7266,0.2974,1],"ix":4},"o":{"a":0,"k":0,"ix":5},"r":1,"bm":0,"nm":"Fill 1","mn":"ADBE Vector Graphic - Fill","hd":false,"_render":true},{"ty":"tr","p":{"a":0,"k":[0,0],"ix":2},"a":{"a":0,"k":[0,0],"ix":1},"s":{"a":0,"k":[178.543,174.429],"ix":3},"r":{"a":0,"k":0,"ix":6},"o":{"a":0,"k":100,"ix":7},"sk":{"a":0,"k":0,"ix":4},"sa":{"a":0,"k":0,"ix":5},"nm":"Transform","_render":true}],"nm":"Rectangle 1","np":3,"cix":2,"bm":0,"ix":2,"mn":"ADBE Vector Group","hd":false,"_render":true}],"ip":0,"op":1515,"st":5,"ct":1,"bm":0,"completed":true},{"ddd":0,"ind":6,"ty":4,"nm":"Layer 1","sr":1,"ks":{"o":{"a":0,"k":100,"ix":11},"r":{"a":1,"k":[{"i":{"x":[0.667],"y":[1]},"o":{"x":[0.333],"y":[0]},"t":0,"s":[0]},{"i":{"x":[0.667],"y":[1]},"o":{"x":[0.333],"y":[0]},"t":120,"s":[-9]},{"i":{"x":[0.667],"y":[1]},"o":{"x":[0.333],"y":[0]},"t":240,"s":[0]},{"i":{"x":[0.667],"y":[1]},"o":{"x":[0.333],"y":[0]},"t":360,"s":[9]},{"t":480,"s":[0]}],"ix":10},"p":{"a":0,"k":[895.851,111.19,0],"ix":2,"l":2},"a":{"a":0,"k":[0,0,0],"ix":1,"l":2},"s":{"a":1,"k":[{"i":{"x":[0.667,0.667,0.667],"y":[1,1,1]},"o":{"x":[0.333,0.333,0.333],"y":[0,0,0]},"t":0,"s":[100,100,100]},{"i":{"x":[0.667,0.667,0.667],"y":[1,1,1]},"o":{"x":[0.333,0.333,0.333],"y":[0,0,0]},"t":120,"s":[134.764,134.764,100]},{"i":{"x":[0.667,0.667,0.667],"y":[1,1,1]},"o":{"x":[0.333,0.333,0.333],"y":[0,0,0]},"t":240,"s":[100,100,100]},{"i":{"x":[0.667,0.667,0.667],"y":[1,1,1]},"o":{"x":[0.333,0.333,0.333],"y":[0,0,0]},"t":360,"s":[134.764,134.764,100]},{"t":480,"s":[100,100,100]}],"ix":6,"l":2}},"ao":0,"ef":[{"ty":29,"nm":"Gaussian Blur","np":5,"mn":"ADBE Gaussian Blur 2","ix":1,"en":1,"ef":[{"ty":0,"nm":"Blurriness","mn":"ADBE Gaussian Blur 2-0001","ix":1,"v":{"a":0,"k":200,"ix":1}},{"ty":7,"nm":"Blur Dimensions","mn":"ADBE Gaussian Blur 2-0002","ix":2,"v":{"a":0,"k":1,"ix":2}},{"ty":7,"nm":"Repeat Edge Pixels","mn":"ADBE Gaussian Blur 2-0003","ix":3,"v":{"a":0,"k":0,"ix":3}}]}],"shapes":[{"ty":"gr","it":[{"ind":0,"ty":"sh","ix":1,"ks":{"a":1,"k":[{"i":{"x":0.667,"y":1},"o":{"x":0.333,"y":0},"t":57,"s":[{"i":[[130.97,321.98400000000004],[-489.015,-224.108],[-180.898,-453.243],[714.929,166.234]],"o":[[-391.51,132.37800000000001],[-489.015,-224.108],[-180.898,-453.243],[154.54999999999995,582.967]],"v":[[-130.27,227.181],[-489.015,-224.108],[-180.898,-453.243],[434.739,374.6]],"c":true}]},{"i":{"x":0.667,"y":1},"o":{"x":0.333,"y":0},"t":180,"s":[{"i":[[-16.00799999999998,226.744],[-489.015,-224.108],[-180.898,-453.243],[714.93,166.234]],"o":[[-505.794,-12.27300000000001],[-489.015,-224.108],[-180.898,-453.243],[154.54999999999995,582.967]],"v":[[-256.037,109.609],[-489.015,-224.108],[-180.898,-453.243],[434.739,374.6]],"c":true}]},{"i":{"x":0.667,"y":1},"o":{"x":0.333,"y":0},"t":300,"s":[{"i":[[53.331,350.282],[-489.015,-224.108],[-180.898,-453.243],[714.93,166.234]],"o":[[-345.968,140.855],[-489.015,-224.108],[-180.898,-453.243],[154.54999999999995,582.967]],"v":[[-99.854,269.938],[-489.015,-224.108],[-180.898,-453.243],[434.739,374.6]],"c":true}]},{"i":{"x":0.667,"y":1},"o":{"x":0.333,"y":0},"t":420,"s":[{"i":[[170.755,231.311],[-489.015,-224.108],[-180.898,-453.243],[714.93,166.234]],"o":[[-419.898,179.012],[-489.015,-224.108],[-180.898,-453.243],[154.54999999999995,582.967]],"v":[[-1.548,216.055],[-489.015,-224.108],[-180.898,-453.243],[434.739,374.6]],"c":true}]},{"t":514,"s":[{"i":[[130.97,321.98400000000004],[-489.015,-224.108],[-180.898,-453.243],[714.929,166.234]],"o":[[-391.51,132.37800000000001],[-489.015,-224.108],[-180.898,-453.243],[154.54999999999995,582.967]],"v":[[-130.27,227.181],[-489.015,-224.108],[-180.898,-453.243],[434.739,374.6]],"c":true}]}],"ix":2},"nm":"Path 1","mn":"ADBE Vector Shape - Group","hd":false,"_render":true},{"ty":"fl","c":{"a":0,"k":[0.1134,0.7266,0.2974,1],"ix":4},"o":{"a":0,"k":100,"ix":5},"r":1,"bm":0,"nm":"Fill 1","mn":"ADBE Vector Graphic - Fill","hd":false,"_render":true},{"ty":"tr","p":{"a":0,"k":[0,0],"ix":2},"a":{"a":0,"k":[0,0],"ix":1},"s":{"a":0,"k":[100,100],"ix":3},"r":{"a":0,"k":0,"ix":6},"o":{"a":0,"k":100,"ix":7},"sk":{"a":0,"k":0,"ix":4},"sa":{"a":0,"k":0,"ix":5},"nm":"Transform","_render":true}],"nm":"Group 1","np":2,"cix":2,"bm":0,"ix":1,"mn":"ADBE Vector Group","hd":false,"_render":true},{"ty":"gr","it":[{"ty":"rc","d":1,"s":{"a":0,"k":[1200,900],"ix":2},"p":{"a":0,"k":[0,0],"ix":3},"r":{"a":0,"k":0,"ix":4},"nm":"Rectangle Path 1","mn":"ADBE Vector Shape - Rect","hd":false,"_render":true},{"ty":"st","c":{"a":0,"k":[0.322,0.598,0.4048,1],"ix":3},"o":{"a":0,"k":100,"ix":4},"w":{"a":0,"k":0,"ix":5},"lc":1,"lj":1,"ml":4,"bm":0,"nm":"Stroke 1","mn":"ADBE Vector Graphic - Stroke","hd":false,"_render":true},{"ty":"fl","c":{"a":0,"k":[0.1134,0.7266,0.2974,1],"ix":4},"o":{"a":0,"k":0,"ix":5},"r":1,"bm":0,"nm":"Fill 1","mn":"ADBE Vector Graphic - Fill","hd":false,"_render":true},{"ty":"tr","p":{"a":0,"k":[0,0],"ix":2},"a":{"a":0,"k":[0,0],"ix":1},"s":{"a":0,"k":[178.543,174.429],"ix":3},"r":{"a":0,"k":0,"ix":6},"o":{"a":0,"k":100,"ix":7},"sk":{"a":0,"k":0,"ix":4},"sa":{"a":0,"k":0,"ix":5},"nm":"Transform","_render":true}],"nm":"Rectangle 1","np":3,"cix":2,"bm":0,"ix":2,"mn":"ADBE Vector Group","hd":false,"_render":true}],"ip":0,"op":1510,"st":0,"ct":1,"bm":0,"completed":true}],"markers":[],"props":{},"__complete":true}