{"nm":"newScene","ddd":0,"h":667,"w":667,"meta":{"g":"LF SVG to Lottie"},"layers":[{"ty":4,"nm":"surface76","sr":1,"st":0,"op":80,"ip":0,"hd":false,"ddd":0,"bm":0,"hasMask":false,"ao":0,"ks":{"a":{"a":0,"k":[0,0]},"s":{"a":0,"k":[133.4,133.4]},"sk":{"a":0,"k":0},"p":{"a":0,"k":[0,0,0],"ix":2},"r":{"a":0,"k":0},"sa":{"a":0,"k":0},"o":{"a":0,"k":100}},"ef":[],"shapes":[{"ty":"gr","bm":0,"hd":false,"nm":"surface76","it":[{"ty":"gr","bm":0,"hd":false,"nm":"","it":[{"ty":"sh","bm":0,"hd":false,"nm":"","d":1,"ks":{"a":0,"k":{"c":true,"i":[[0,0],[-1.4,-1.7],[0,-1.1],[-0.5,0],[0,1.4],[-0.8,0.4],[1.2,1.2],[1,-2.1],[1.5,4.1],[0,-3]],"o":[[0,1.2],[1.4,1.6],[0,1],[0.6,0],[0,-1.4],[2.3,-0.8],[-0.7,-0.7],[-2.2,4.1],[-1.3,-3.5],[0,0]],"v":[[483,244.1],[485.5,249.2],[488,254.1],[489,256],[490,253.5],[491.5,250.3],[495.2,242.8],[492.6,244.9],[485.7,245],[483,244.11]]}}},{"ty":"fl","bm":0,"hd":false,"nm":"","c":{"a":0,"k":[0,0,0]},"r":2,"o":{"a":0,"k":100}},{"ty":"tr","a":{"a":0,"k":[0,0]},"s":{"a":0,"k":[100,100]},"sk":{"a":0,"k":0},"p":{"a":0,"k":[0,0]},"r":{"a":0,"k":0},"sa":{"a":0,"k":0},"o":{"a":0,"k":100}}]},{"ty":"gr","bm":0,"hd":false,"nm":"","it":[{"ty":"sh","bm":0,"hd":false,"nm":"","d":1,"ks":{"a":0,"k":{"c":true,"i":[[0,0],[-0.6,-2.3],[-4.4,0],[0,0.5],[1,0],[0,5.6],[1.3,-2.2]],"o":[[-1,1.8],[0.6,2.4],[2.7,0],[0,-0.6],[-4.3,0],[0,-4.8],[0,0]],"v":[[469.7,242.7],[468.6,253.4],[474.1,256],[479,255],[477.1,254],[472,247.4],[469.7,242.7]]}}},{"ty":"fl","bm":0,"hd":false,"nm":"","c":{"a":0,"k":[0,0,0]},"r":2,"o":{"a":0,"k":100}},{"ty":"tr","a":{"a":0,"k":[0,0]},"s":{"a":0,"k":[100,100]},"sk":{"a":0,"k":0},"p":{"a":0,"k":[0,0]},"r":{"a":0,"k":0},"sa":{"a":0,"k":0},"o":{"a":0,"k":100}}]},{"ty":"gr","bm":0,"hd":false,"nm":"","it":[{"ty":"sh","bm":0,"hd":false,"nm":"","d":1,"ks":{"a":0,"k":{"c":true,"i":[[0,0],[-3,-1.1],[0,1.2],[1.4,-0.2],[-0.8,2.2],[-2,0],[0,0],[0,0],[0.5,0.4],[-3.5,0.5],[3.5,0.1],[0.8,-2.3]],"o":[[-1.8,4.7],[2.1,0.8],[0,-0.6],[-3.2,0.6],[0.4,-1],[0,0],[0,0],[-1.6,-0.3],[-1.5,-1.4],[2.4,-0.3],[-4.2,-0.2],[0,0]],"v":[[454,244.6],[456.4,256.3],[464,254.8],[461.5,254.2],[456.3,250.6],[460.2,248.9],[463.5,248.7],[460.5,248.3],[456.6,247],[461.3,242.7],[459.7,242.2],[454,244.6]]}}},{"ty":"fl","bm":0,"hd":false,"nm":"","c":{"a":0,"k":[0,0,0]},"r":2,"o":{"a":0,"k":100}},{"ty":"tr","a":{"a":0,"k":[0,0]},"s":{"a":0,"k":[100,100]},"sk":{"a":0,"k":0},"p":{"a":0,"k":[0,0]},"r":{"a":0,"k":0},"sa":{"a":0,"k":0},"o":{"a":0,"k":100}}]},{"ty":"gr","bm":0,"hd":false,"nm":"","it":[{"ty":"sh","bm":0,"hd":false,"nm":"","d":1,"ks":{"a":0,"k":{"c":true,"i":[[0,0],[-2.6,0],[0,-5.3],[-0.4,7.4],[-2.2,0],[2.2,0.8],[1.8,-0.8]],"o":[[-2.2,0.8],[2.4,0],[0,7.3],[0.3,-4.7],[2.9,0],[-1.8,-0.7],[0,0]],"v":[[437.3,242.7],[438.5,245],[441,250.6],[443.8,250.2],[446.5,245],[448.4,242.61],[437.3,242.71]]}}},{"ty":"fl","bm":0,"hd":false,"nm":"","c":{"a":0,"k":[0,0,0]},"r":2,"o":{"a":0,"k":100}},{"ty":"tr","a":{"a":0,"k":[0,0]},"s":{"a":0,"k":[100,100]},"sk":{"a":0,"k":0},"p":{"a":0,"k":[0,0]},"r":{"a":0,"k":0},"sa":{"a":0,"k":0},"o":{"a":0,"k":100}}]},{"ty":"gr","bm":0,"hd":false,"nm":"","it":[{"ty":"sh","bm":0,"hd":false,"nm":"","d":1,"ks":{"a":0,"k":{"c":true,"i":[[0,0],[-3,-1.1],[0,1.2],[1.4,-0.2],[-0.8,2.2],[-2,0],[0,0],[0,0],[0.5,0.4],[-3.5,0.5],[3.5,0.1],[0.8,-2.3]],"o":[[-1.8,4.7],[2.1,0.8],[0,-0.6],[-3.2,0.6],[0.4,-1],[0,0],[0,0],[-1.6,-0.3],[-1.5,-1.4],[2.4,-0.3],[-4.2,-0.2],[0,0]],"v":[[422,244.6],[424.4,256.3],[432,254.8],[429.5,254.2],[424.3,250.6],[428.2,248.9],[431.5,248.7],[428.5,248.3],[424.6,247],[429.3,242.7],[427.7,242.2],[422,244.6]]}}},{"ty":"fl","bm":0,"hd":false,"nm":"","c":{"a":0,"k":[0,0,0]},"r":2,"o":{"a":0,"k":100}},{"ty":"tr","a":{"a":0,"k":[0,0]},"s":{"a":0,"k":[100,100]},"sk":{"a":0,"k":0},"p":{"a":0,"k":[0,0]},"r":{"a":0,"k":0},"sa":{"a":0,"k":0},"o":{"a":0,"k":100}}]},{"ty":"gr","bm":0,"hd":false,"nm":"","it":[{"ty":"sh","bm":0,"hd":false,"nm":"","d":1,"ks":{"a":0,"k":{"c":true,"i":[[0,0],[-0.2,-2.9],[0,0],[0,0],[-0.5,0.5],[1.8,0],[0,5.8],[1.2,-3.2]],"o":[[-0.3,0.7],[0,0],[0,0],[2.4,0.2],[0.8,-0.8],[-5.1,0],[0,-5.1],[0,0]],"v":[[407.4,243.4],[407.2,250.1],[407.5,255.5],[411.9,255.8],[417.3,255.1],[415.8,254],[410,247.39],[407.39,243.39]]}}},{"ty":"fl","bm":0,"hd":false,"nm":"","c":{"a":0,"k":[0,0,0]},"r":2,"o":{"a":0,"k":100}},{"ty":"tr","a":{"a":0,"k":[0,0]},"s":{"a":0,"k":[100,100]},"sk":{"a":0,"k":0},"p":{"a":0,"k":[0,0]},"r":{"a":0,"k":0},"sa":{"a":0,"k":0},"o":{"a":0,"k":100}}]},{"ty":"gr","bm":0,"hd":false,"nm":"","it":[{"ty":"sh","bm":0,"hd":false,"nm":"","d":1,"ks":{"a":0,"k":{"c":true,"i":[[0,0],[-1.8,-0.6],[0,1.4],[-3,0.8],[-0.6,1],[4.1,-2.7]],"o":[[-1.7,1],[0.7,0.2],[0,-2],[2,-0.5],[2.1,-3.6],[0,0]],"v":[[392.2,242.9],[392.8,255.8],[394,253.8],[397.7,250.4],[402.4,247.7],[392.2,242.9]]}}},{"ty":"sh","bm":0,"hd":false,"nm":"","d":1,"ks":{"a":0,"k":{"c":true,"i":[[0,0],[1.2,2],[-2.8,-0.3],[0,-1.4]],"o":[[0,2.3],[-1.4,-2.1],[1.8,0.2],[0,0]],"v":[[399.5,246.5],[394,247.9],[396.9,244.2],[399.5,246.5]]}}},{"ty":"fl","bm":0,"hd":false,"nm":"","c":{"a":0,"k":[0,0,0]},"r":2,"o":{"a":0,"k":100}},{"ty":"tr","a":{"a":0,"k":[0,0]},"s":{"a":0,"k":[100,100]},"sk":{"a":0,"k":0},"p":{"a":0,"k":[0,0]},"r":{"a":0,"k":0},"sa":{"a":0,"k":0},"o":{"a":0,"k":100}}]},{"ty":"gr","bm":0,"hd":false,"nm":"","it":[{"ty":"sh","bm":0,"hd":false,"nm":"","d":1,"ks":{"a":0,"k":{"c":true,"i":[[0,0],[-0.9,-2.7],[-0.3,4.9],[-1.3,-5],[-1.2,4.7],[-0.4,-5.8],[0,6.9],[2.6,-2.2],[0,-1.3],[0.8,3.2],[2.3,-1.5]],"o":[[-1.5,0.9],[1.1,3.5],[0.4,-5.8],[1.1,4.7],[1.3,-4.9],[0.4,6.6],[-0.1,-6],[-0.9,0.7],[0,3.4],[-1.1,-4.4],[0,0]],"v":[[372.4,242.8],[370.5,254],[373.2,251.3],[376.6,249.7],[380.4,249.6],[383.8,251.4],[386.5,250.1],[381.6,243],[380,246.6],[377.5,247.2],[372.39,242.8]]}}},{"ty":"fl","bm":0,"hd":false,"nm":"","c":{"a":0,"k":[0,0,0]},"r":2,"o":{"a":0,"k":100}},{"ty":"tr","a":{"a":0,"k":[0,0]},"s":{"a":0,"k":[100,100]},"sk":{"a":0,"k":0},"p":{"a":0,"k":[0,0]},"r":{"a":0,"k":0},"sa":{"a":0,"k":0},"o":{"a":0,"k":100}}]},{"ty":"gr","bm":0,"hd":false,"nm":"","it":[{"ty":"sh","bm":0,"hd":false,"nm":"","d":1,"ks":{"a":0,"k":{"c":true,"i":[[0,0],[-3.4,-3.4],[-2.1,4.8],[7.3,-2.9]],"o":[[-4.4,1.8],[3.6,3.6],[2.9,-6.3],[0,0]],"v":[[354.3,243],[352,255],[365.9,252.2],[354.3,243]]}}},{"ty":"sh","bm":0,"hd":false,"nm":"","d":1,"ks":{"a":0,"k":{"c":true,"i":[[0,0],[0,-0.8],[3.3,0.3],[0.8,2.2],[-2,1.6],[-2.5,-2.5]],"o":[[1.1,1.1],[0,2.6],[-2.3,-0.2],[-0.8,-2.4],[3,-2.4],[0,0]],"v":[[362,246],[364,249.4],[357.6,253.8],[353.5,250.6],[354.9,245.9],[362,246]]}}},{"ty":"fl","bm":0,"hd":false,"nm":"","c":{"a":0,"k":[0,0,0]},"r":2,"o":{"a":0,"k":100}},{"ty":"tr","a":{"a":0,"k":[0,0]},"s":{"a":0,"k":[100,100]},"sk":{"a":0,"k":0},"p":{"a":0,"k":[0,0]},"r":{"a":0,"k":0},"sa":{"a":0,"k":0},"o":{"a":0,"k":100}}]},{"ty":"gr","bm":0,"hd":false,"nm":"","it":[{"ty":"sh","bm":0,"hd":false,"nm":"","d":1,"ks":{"a":0,"k":{"c":true,"i":[[0,0],[-7.5,2.8],[3.7,-0.7],[0,3.3],[-3.7,-0.7],[1.8,1.5],[2.8,-2.9]],"o":[[-5.8,5.7],[3.6,-1.4],[-3.6,0.8],[0,-3.5],[2.9,0.6],[-2.8,-2.2],[0,0]],"v":[[336.5,244.5],[343.4,256.1],[343,253.6],[337,249.4],[343.4,244.5],[344.6,243.5],[336.5,244.5]]}}},{"ty":"fl","bm":0,"hd":false,"nm":"","c":{"a":0,"k":[0,0,0]},"r":2,"o":{"a":0,"k":100}},{"ty":"tr","a":{"a":0,"k":[0,0]},"s":{"a":0,"k":[100,100]},"sk":{"a":0,"k":0},"p":{"a":0,"k":[0,0]},"r":{"a":0,"k":0},"sa":{"a":0,"k":0},"o":{"a":0,"k":100}}]},{"ty":"gr","bm":0,"hd":false,"nm":"","it":[{"ty":"sh","bm":0,"hd":false,"nm":"","d":1,"ks":{"a":0,"k":{"c":true,"i":[[0,0],[-2.6,0],[0,-5.3],[-0.4,7.4],[-2.2,0],[2.2,0.8],[1.8,-0.8]],"o":[[-2.2,0.8],[2.4,0],[0,7.3],[0.3,-4.7],[2.9,0],[-1.8,-0.7],[0,0]],"v":[[309.3,242.7],[310.5,245],[313,250.6],[315.8,250.2],[318.5,245],[320.4,242.61],[309.3,242.71]]}}},{"ty":"fl","bm":0,"hd":false,"nm":"","c":{"a":0,"k":[0,0,0]},"r":2,"o":{"a":0,"k":100}},{"ty":"tr","a":{"a":0,"k":[0,0]},"s":{"a":0,"k":[100,100]},"sk":{"a":0,"k":0},"p":{"a":0,"k":[0,0]},"r":{"a":0,"k":0},"sa":{"a":0,"k":0},"o":{"a":0,"k":100}}]},{"ty":"gr","bm":0,"hd":false,"nm":"","it":[{"ty":"sh","bm":0,"hd":false,"nm":"","d":1,"ks":{"a":0,"k":{"c":true,"i":[[0,0],[-8.1,3.1],[4,-0.7],[1,2.2],[-1.5,2.2],[-2.6,-0.5],[1.8,1.4],[3.2,-1.6]],"o":[[-7.7,3.9],[3.7,-1.4],[-3,0.5],[-1,-2.2],[1.4,-2.2],[3,0.5],[-2.4,-1.8],[0,0]],"v":[[296,243.3],[301.5,256],[300.5,253.7],[295.9,251.7],[296.5,246.4],[301.3,244.4],[302.6,243.5],[296,243.3]]}}},{"ty":"fl","bm":0,"hd":false,"nm":"","c":{"a":0,"k":[0,0,0]},"r":2,"o":{"a":0,"k":100}},{"ty":"tr","a":{"a":0,"k":[0,0]},"s":{"a":0,"k":[100,100]},"sk":{"a":0,"k":0},"p":{"a":0,"k":[0,0]},"r":{"a":0,"k":0},"sa":{"a":0,"k":0},"o":{"a":0,"k":100}}]},{"ty":"gr","bm":0,"hd":false,"nm":"","it":[{"ty":"sh","bm":0,"hd":false,"nm":"","d":1,"ks":{"a":0,"k":{"c":true,"i":[[0,0],[-3,-1.1],[0,1.2],[1.4,-0.2],[-0.8,2.2],[-2,0],[0,0],[0,0],[0.5,0.4],[-3.5,0.5],[3.5,0.1],[0.8,-2.3]],"o":[[-1.8,4.7],[2.1,0.8],[0,-0.6],[-3.2,0.6],[0.4,-1],[0,0],[0,0],[-1.6,-0.3],[-1.5,-1.4],[2.4,-0.3],[-4.2,-0.2],[0,0]],"v":[[278,244.6],[280.4,256.3],[288,254.8],[285.5,254.2],[280.3,250.6],[284.2,248.9],[287.5,248.7],[284.5,248.3],[280.6,247],[285.3,242.7],[283.7,242.2],[278,244.6]]}}},{"ty":"fl","bm":0,"hd":false,"nm":"","c":{"a":0,"k":[0,0,0]},"r":2,"o":{"a":0,"k":100}},{"ty":"tr","a":{"a":0,"k":[0,0]},"s":{"a":0,"k":[100,100]},"sk":{"a":0,"k":0},"p":{"a":0,"k":[0,0]},"r":{"a":0,"k":0},"sa":{"a":0,"k":0},"o":{"a":0,"k":100}}]},{"ty":"gr","bm":0,"hd":false,"nm":"","it":[{"ty":"sh","bm":0,"hd":false,"nm":"","d":1,"ks":{"a":0,"k":{"c":true,"i":[[0,0],[-2.9,0],[0,-5.3],[-0.4,7.4],[-2.2,0],[2.2,0.8],[2.7,-0.7]],"o":[[-2.7,0.7],[2.4,0],[0,7.3],[0.3,-4.7],[2.9,0],[-1.7,-0.7],[0,0]],"v":[[261.8,242.7],[262.5,245],[265,250.6],[267.8,250.2],[270.5,245],[272.4,242.61],[261.8,242.71]]}}},{"ty":"fl","bm":0,"hd":false,"nm":"","c":{"a":0,"k":[0,0,0]},"r":2,"o":{"a":0,"k":100}},{"ty":"tr","a":{"a":0,"k":[0,0]},"s":{"a":0,"k":[100,100]},"sk":{"a":0,"k":0},"p":{"a":0,"k":[0,0]},"r":{"a":0,"k":0},"sa":{"a":0,"k":0},"o":{"a":0,"k":100}}]},{"ty":"gr","bm":0,"hd":false,"nm":"","it":[{"ty":"sh","bm":0,"hd":false,"nm":"","d":1,"ks":{"a":0,"k":{"c":true,"i":[[0,0],[-3.4,-3.4],[-2.1,4.8],[7.3,-2.9]],"o":[[-4.4,1.8],[3.6,3.6],[2.9,-6.3],[0,0]],"v":[[244.3,243],[242,255],[255.9,252.2],[244.3,243]]}}},{"ty":"sh","bm":0,"hd":false,"nm":"","d":1,"ks":{"a":0,"k":{"c":true,"i":[[0,0],[0,-0.8],[3.3,0.3],[0.8,2.2],[-2,1.6],[-2.5,-2.5]],"o":[[1.1,1.1],[0,2.6],[-2.3,-0.2],[-0.8,-2.4],[3,-2.4],[0,0]],"v":[[252,246],[254,249.4],[247.6,253.8],[243.5,250.6],[244.9,245.9],[252,246]]}}},{"ty":"fl","bm":0,"hd":false,"nm":"","c":{"a":0,"k":[0,0,0]},"r":2,"o":{"a":0,"k":100}},{"ty":"tr","a":{"a":0,"k":[0,0]},"s":{"a":0,"k":[100,100]},"sk":{"a":0,"k":0},"p":{"a":0,"k":[0,0]},"r":{"a":0,"k":0},"sa":{"a":0,"k":0},"o":{"a":0,"k":100}}]},{"ty":"gr","bm":0,"hd":false,"nm":"","it":[{"ty":"sh","bm":0,"hd":false,"nm":"","d":1,"ks":{"a":0,"k":{"c":true,"i":[[0,0],[-2.1,0.7],[0.2,0.9],[-2.4,-2.6],[0,1.6],[1.4,1.3],[-2,0.8],[1.6,1.9],[1.4,-1.8]],"o":[[-2.1,2.5],[0.6,-0.2],[-0.4,-2.7],[2.3,2.4],[0,-0.5],[-2.5,-2.4],[2.6,-1],[-1.5,-1.9],[0,0]],"v":[[226.2,243.3],[226.3,255.7],[227.2,253.7],[231,253.5],[236,255.2],[233.5,252],[233,248.8],[235,243.5],[226.2,243.3]]}}},{"ty":"sh","bm":0,"hd":false,"nm":"","d":1,"ks":{"a":0,"k":{"c":true,"i":[[0,0],[3.1,0],[-1,2.7],[-1.7,-1.7]],"o":[[1.6,1.6],[-2.5,0],[0.7,-1.9],[0,0]],"v":[[232.8,244.2],[229.4,248],[227.6,244.6],[232.8,244.2]]}}},{"ty":"fl","bm":0,"hd":false,"nm":"","c":{"a":0,"k":[0,0,0]},"r":2,"o":{"a":0,"k":100}},{"ty":"tr","a":{"a":0,"k":[0,0]},"s":{"a":0,"k":[100,100]},"sk":{"a":0,"k":0},"p":{"a":0,"k":[0,0]},"r":{"a":0,"k":0},"sa":{"a":0,"k":0},"o":{"a":0,"k":100}}]},{"ty":"gr","bm":0,"hd":false,"nm":"","it":[{"ty":"sh","bm":0,"hd":false,"nm":"","d":1,"ks":{"a":0,"k":{"c":true,"i":[[0,0],[-1,-2.7],[0,2.7],[-3.6,0.7],[-0.3,2.3],[2.1,0.8],[1.5,-1.5]],"o":[[-1.3,1.3],[0.9,2.4],[0,-1.9],[3.6,-0.8],[0.3,-2.2],[-3.5,-1.3],[0,0]],"v":[[210.2,243.2],[209.6,254.4],[212,253.6],[216.3,250.4],[220.8,246.8],[218.5,243],[210.2,243.2]]}}},{"ty":"sh","bm":0,"hd":false,"nm":"","d":1,"ks":{"a":0,"k":{"c":true,"i":[[0,0],[3.1,0],[0,2],[-1.8,0],[-0.7,-0.7]],"o":[[1.6,1.6],[-1.9,0],[0,-1.9],[1.3,0],[0,0]],"v":[[217.8,245.2],[214.4,249],[212,246.5],[214.3,244],[217.8,245.2]]}}},{"ty":"fl","bm":0,"hd":false,"nm":"","c":{"a":0,"k":[0,0,0]},"r":2,"o":{"a":0,"k":100}},{"ty":"tr","a":{"a":0,"k":[0,0]},"s":{"a":0,"k":[100,100]},"sk":{"a":0,"k":0},"p":{"a":0,"k":[0,0]},"r":{"a":0,"k":0},"sa":{"a":0,"k":0},"o":{"a":0,"k":100}}]},{"ty":"gr","bm":0,"hd":false,"nm":"","it":[{"ty":"sh","bm":0,"hd":false,"nm":"","d":1,"ks":{"a":0,"k":{"c":true,"i":[[0,0],[-1.7,-1],[-0.2,-1.3],[0,3.1],[-1.4,1.3],[0,1.4],[0,0],[0,0],[2,3.9],[0.8,-1.4]],"o":[[-0.8,1.3],[0.9,0.4],[0.4,3.3],[0,-1.4],[1.4,-1.3],[0,0],[0,0],[-3.2,4.1],[-1.7,-3.2],[0,0]],"v":[[174.6,242.9],[177.3,249.7],[179.2,252.9],[182,253.8],[184.5,249],[187,244.1],[187,241.5],[184.4,244.7],[177.5,245],[174.6,242.89]]}}},{"ty":"fl","bm":0,"hd":false,"nm":"","c":{"a":0,"k":[0,0,0]},"r":2,"o":{"a":0,"k":100}},{"ty":"tr","a":{"a":0,"k":[0,0]},"s":{"a":0,"k":[100,100]},"sk":{"a":0,"k":0},"p":{"a":0,"k":[0,0]},"r":{"a":0,"k":0},"sa":{"a":0,"k":0},"o":{"a":0,"k":100}}]},{"ty":"gr","bm":0,"hd":false,"nm":"","it":[{"ty":"sh","bm":0,"hd":false,"nm":"","d":1,"ks":{"a":0,"k":{"c":true,"i":[[0,0],[-0.5,-2.2],[-4.3,0],[5,0.5],[0.3,5.7],[0.9,-3.1]],"o":[[-1.1,3.5],[0.5,2.1],[5.5,0],[-3.3,-0.3],[-0.3,-5.2],[0,0]],"v":[[161.6,243.2],[160.6,253.6],[166.1,256],[167.8,253.8],[164.2,247.7],[161.6,243.2]]}}},{"ty":"fl","bm":0,"hd":false,"nm":"","c":{"a":0,"k":[0,0,0]},"r":2,"o":{"a":0,"k":100}},{"ty":"tr","a":{"a":0,"k":[0,0]},"s":{"a":0,"k":[100,100]},"sk":{"a":0,"k":0},"p":{"a":0,"k":[0,0]},"r":{"a":0,"k":0},"sa":{"a":0,"k":0},"o":{"a":0,"k":100}}]},{"ty":"gr","bm":0,"hd":false,"nm":"","it":[{"ty":"sh","bm":0,"hd":false,"nm":"","d":1,"ks":{"a":0,"k":{"c":true,"i":[[0,0],[0,-3.2],[-1.2,0],[0,1.6],[-1.4,-2.7],[-0.9,0.9],[1.5,1.6],[0,0],[0,0],[2.7,1],[1.3,-1.3]],"o":[[-0.7,0.7],[0,4.5],[0.9,0],[0,-3],[1.1,2],[0.3,-0.3],[0,0],[0,0],[3,-0.7],[-2.6,-1],[0,0]],"v":[[146.2,243.2],[145,250.2],[146.5,256],[148,253.5],[150.9,252.9],[155.8,255.5],[153.6,252.1],[150.9,249.3],[153.4,248.6],[154.4,242.6],[146.2,243.2]]}}},{"ty":"sh","bm":0,"hd":false,"nm":"","d":1,"ks":{"a":0,"k":{"c":true,"i":[[0,0],[2.9,0],[0,1.3],[-2.8,-1.8]],"o":[[2.1,1.3],[-1.8,0],[0,-3.1],[0,0]],"v":[[152.9,243.9],[150.5,248],[148,246.2],[152.9,243.9]]}}},{"ty":"fl","bm":0,"hd":false,"nm":"","c":{"a":0,"k":[0,0,0]},"r":2,"o":{"a":0,"k":100}},{"ty":"tr","a":{"a":0,"k":[0,0]},"s":{"a":0,"k":[100,100]},"sk":{"a":0,"k":0},"p":{"a":0,"k":[0,0]},"r":{"a":0,"k":0},"sa":{"a":0,"k":0},"o":{"a":0,"k":100}}]},{"ty":"gr","bm":0,"hd":false,"nm":"","it":[{"ty":"sh","bm":0,"hd":false,"nm":"","d":1,"ks":{"a":0,"k":{"c":true,"i":[[0,0],[0,-2.7],[-0.7,2],[-3.3,0],[-0.7,-1.8],[0.7,4.9],[4,-4.2]],"o":[[-1.7,1.9],[0,1.7],[0.9,-2.3],[2,0],[1.6,4.2],[-1.2,-8],[0,0]],"v":[[130.2,244],[126,254.9],[128.7,254.2],[134.3,251],[138,253.5],[140.6,251.7],[130.2,244]]}}},{"ty":"sh","bm":0,"hd":false,"nm":"","d":1,"ks":{"a":0,"k":{"c":true,"i":[[0,0],[3.1,0],[-1.9,2.7],[-1.7,-1.7]],"o":[[2.3,2.3],[-3.7,0],[1.7,-2.5],[0,0]],"v":[[135.8,245.2],[134.1,250],[131.6,246.2],[135.8,245.2]]}}},{"ty":"fl","bm":0,"hd":false,"nm":"","c":{"a":0,"k":[0,0,0]},"r":2,"o":{"a":0,"k":100}},{"ty":"tr","a":{"a":0,"k":[0,0]},"s":{"a":0,"k":[100,100]},"sk":{"a":0,"k":0},"p":{"a":0,"k":[0,0]},"r":{"a":0,"k":0},"sa":{"a":0,"k":0},"o":{"a":0,"k":100}}]},{"ty":"gr","bm":0,"hd":false,"nm":"","it":[{"ty":"sh","bm":0,"hd":false,"nm":"","d":1,"ks":{"a":0,"k":{"c":true,"i":[[0,0],[-4.7,1.3],[-0.7,0],[0,0.6],[1.2,-0.1],[-0.3,2.3],[-2.1,0.4],[0,0],[0,0],[0,1.6],[-1.5,0.3],[-1.1,0.2],[2.6,0.1],[0.9,-1.5]],"o":[[-2.9,5.6],[1.2,-0.3],[0.6,0],[0,-0.6],[-5,0.4],[0.2,-1.6],[0,0],[0,0],[-2.6,-0.1],[0,-1.2],[1.2,-0.3],[1.1,-0.3],[-3.7,-0.1],[0,0]],"v":[[112,243.9],[117.3,256.6],[120.8,256],[122,254.89],[119.8,254],[114.2,251.8],[117.5,248.9],[120.5,248.2],[117.3,248.1],[114,246],[116.3,243.6],[120.5,242.7],[117.8,242.1],[112,243.9]]}}},{"ty":"fl","bm":0,"hd":false,"nm":"","c":{"a":0,"k":[0,0,0]},"r":2,"o":{"a":0,"k":100}},{"ty":"tr","a":{"a":0,"k":[0,0]},"s":{"a":0,"k":[100,100]},"sk":{"a":0,"k":0},"p":{"a":0,"k":[0,0]},"r":{"a":0,"k":0},"sa":{"a":0,"k":0},"o":{"a":0,"k":100}}]},{"ty":"gr","bm":0,"hd":false,"nm":"","it":[{"ty":"sh","bm":0,"hd":false,"nm":"","d":1,"ks":{"a":0,"k":{"c":true,"i":[[0,0],[-2.6,0],[0,-5.2],[-0.5,0],[0,4.4],[-2.4,0],[0.2,0.8],[2.3,-1]],"o":[[-2.2,0.9],[2.4,0],[0,3],[1.3,0],[0,-3.5],[1.6,0],[-0.5,-1.2],[0,0]],"v":[[86.3,242.6],[87.5,245],[90,250.5],[90.9,256],[93,248.9],[95.6,245],[97.8,243.7],[86.3,242.6]]}}},{"ty":"fl","bm":0,"hd":false,"nm":"","c":{"a":0,"k":[0,0,0]},"r":2,"o":{"a":0,"k":100}},{"ty":"tr","a":{"a":0,"k":[0,0]},"s":{"a":0,"k":[100,100]},"sk":{"a":0,"k":0},"p":{"a":0,"k":[0,0]},"r":{"a":0,"k":0},"sa":{"a":0,"k":0},"o":{"a":0,"k":100}}]},{"ty":"gr","bm":0,"hd":false,"nm":"","it":[{"ty":"sh","bm":0,"hd":false,"nm":"","d":1,"ks":{"a":0,"k":{"c":true,"i":[[0,0],[-7.6,2.9],[3.7,-0.7],[0,3.3],[-3.7,-0.7],[1.8,1.5],[2.8,-2.9]],"o":[[-5.9,5.8],[3.6,-1.3],[-3.6,0.8],[0,-3.5],[2.9,0.6],[-2.8,-2.2],[0,0]],"v":[[71.5,244.5],[78.4,256],[78,253.6],[72,249.4],[78.4,244.5],[79.6,243.5],[71.5,244.5]]}}},{"ty":"fl","bm":0,"hd":false,"nm":"","c":{"a":0,"k":[0,0,0]},"r":2,"o":{"a":0,"k":100}},{"ty":"tr","a":{"a":0,"k":[0,0]},"s":{"a":0,"k":[100,100]},"sk":{"a":0,"k":0},"p":{"a":0,"k":[0,0]},"r":{"a":0,"k":0},"sa":{"a":0,"k":0},"o":{"a":0,"k":100}}]},{"ty":"gr","bm":0,"hd":false,"nm":"","it":[{"ty":"sh","bm":0,"hd":false,"nm":"","d":1,"ks":{"a":0,"k":{"c":true,"i":[[0,0],[-4.7,1.3],[-0.7,0],[0,0.6],[1.2,-0.1],[-0.3,2.3],[-2.1,0.4],[0,0],[0,0],[0,1.6],[-1.5,0.3],[-1.1,0.2],[2.6,0.1],[0.9,-1.5]],"o":[[-2.9,5.6],[1.2,-0.3],[0.6,0],[0,-0.6],[-5,0.4],[0.2,-1.6],[0,0],[0,0],[-2.6,-0.1],[0,-1.2],[1.2,-0.3],[1.1,-0.3],[-3.7,-0.1],[0,0]],"v":[[55,243.9],[60.3,256.6],[63.8,256],[65,254.89],[62.8,254],[57.2,251.8],[60.5,248.9],[63.5,248.2],[60.3,248.1],[57,246],[59.3,243.6],[63.5,242.7],[60.8,242.1],[55,243.9]]}}},{"ty":"fl","bm":0,"hd":false,"nm":"","c":{"a":0,"k":[0,0,0]},"r":2,"o":{"a":0,"k":100}},{"ty":"tr","a":{"a":0,"k":[0,0]},"s":{"a":0,"k":[100,100]},"sk":{"a":0,"k":0},"p":{"a":0,"k":[0,0]},"r":{"a":0,"k":0},"sa":{"a":0,"k":0},"o":{"a":0,"k":100}}]},{"ty":"gr","bm":0,"hd":false,"nm":"","it":[{"ty":"sh","bm":0,"hd":false,"nm":"","d":1,"ks":{"a":0,"k":{"c":true,"i":[[0,0],[-2.6,0],[0,-5.2],[-0.5,0],[0,4.4],[-2.4,0],[0.2,0.8],[2.3,-1]],"o":[[-2.2,0.9],[2.4,0],[0,3],[1.3,0],[0,-3.5],[1.6,0],[-0.5,-1.2],[0,0]],"v":[[38.3,242.6],[39.5,245],[42,250.5],[42.9,256],[45,248.9],[47.6,245],[49.8,243.7],[38.3,242.6]]}}},{"ty":"fl","bm":0,"hd":false,"nm":"","c":{"a":0,"k":[0,0,0]},"r":2,"o":{"a":0,"k":100}},{"ty":"tr","a":{"a":0,"k":[0,0]},"s":{"a":0,"k":[100,100]},"sk":{"a":0,"k":0},"p":{"a":0,"k":[0,0]},"r":{"a":0,"k":0},"sa":{"a":0,"k":0},"o":{"a":0,"k":100}}]},{"ty":"gr","bm":0,"hd":false,"nm":"","it":[{"ty":"sh","bm":0,"hd":false,"nm":"","d":1,"ks":{"a":0,"k":{"c":true,"i":[[0,0],[-4.7,1.3],[-0.7,0],[0,0.6],[1.2,-0.1],[-0.3,2.3],[-2.1,0.4],[0,0],[0,0],[0,1.6],[-1.5,0.3],[-1.1,0.2],[2.6,0.1],[0.9,-1.5]],"o":[[-2.9,5.6],[1.2,-0.3],[0.6,0],[0,-0.6],[-5,0.4],[0.2,-1.6],[0,0],[0,0],[-2.6,-0.1],[0,-1.2],[1.2,-0.3],[1.1,-0.3],[-3.7,-0.1],[0,0]],"v":[[23,243.9],[28.3,256.6],[31.8,256],[33,254.89],[30.8,254],[25.2,251.8],[28.5,248.9],[31.5,248.2],[28.3,248.1],[25,246],[27.3,243.6],[31.5,242.7],[28.8,242.1],[23,243.9]]}}},{"ty":"fl","bm":0,"hd":false,"nm":"","c":{"a":0,"k":[0,0,0]},"r":2,"o":{"a":0,"k":100}},{"ty":"tr","a":{"a":0,"k":[0,0]},"s":{"a":0,"k":[100,100]},"sk":{"a":0,"k":0},"p":{"a":0,"k":[0,0]},"r":{"a":0,"k":0},"sa":{"a":0,"k":0},"o":{"a":0,"k":100}}]},{"ty":"gr","bm":0,"hd":false,"nm":"","it":[{"ty":"sh","bm":0,"hd":false,"nm":"","d":1,"ks":{"a":0,"k":{"c":true,"i":[[0,0],[-0.2,-2.9],[-2.9,-0.3],[1.9,5],[1.1,-3]],"o":[[-0.3,0.7],[0.3,5.2],[6.1,0.5],[-1.4,-3.6],[0,0]],"v":[[5.4,243.4],[5.2,250.1],[8.5,255.8],[17.4,246.5],[5.4,243.39]]}}},{"ty":"sh","bm":0,"hd":false,"nm":"","d":1,"ks":{"a":0,"k":{"c":true,"i":[[0,0],[2.8,-1.4],[0.9,0.8],[-1.2,1.1],[-1.9,-1.5]],"o":[[2,1.6],[-1.7,0.8],[-1.4,-1.1],[0.8,-0.8],[0,0]],"v":[[13.8,246.3],[12,252.7],[8.3,252.8],[7.7,244.7],[13.8,246.3]]}}},{"ty":"fl","bm":0,"hd":false,"nm":"","c":{"a":0,"k":[0,0,0]},"r":2,"o":{"a":0,"k":100}},{"ty":"tr","a":{"a":0,"k":[0,0]},"s":{"a":0,"k":[100,100]},"sk":{"a":0,"k":0},"p":{"a":0,"k":[0,0]},"r":{"a":0,"k":0},"sa":{"a":0,"k":0},"o":{"a":0,"k":100}}]},{"ty":"tr","a":{"a":0,"k":[0,0]},"s":{"a":0,"k":[100,100]},"sk":{"a":0,"k":0},"p":{"a":0,"k":[0,0]},"r":{"a":0,"k":0},"sa":{"a":0,"k":0},"o":{"a":0,"k":100}}]},{"ty":"tm","bm":0,"hd":false,"mn":"ADBE Vector Filter - Trim","nm":"Trim Paths 1","ix":2,"e":{"a":1,"k":[{"o":{"x":0.17,"y":0.17},"i":{"x":0.35,"y":1},"s":[25],"t":0},{"s":[100],"t":55}],"ix":2},"o":{"a":0,"k":0,"ix":3},"s":{"a":0,"k":0,"ix":1},"m":1}],"ind":1}],"v":"5.6.6","fr":20,"op":80,"ip":0,"assets":[]}