{"nm":"PLANETEE 2","ddd":0,"h":480,"w":480,"meta":{"g":"@lottiefiles/toolkit-js 0.33.2"},"layers":[{"ty":0,"nm":"PLANETEE","sr":1,"st":0,"op":76,"ip":0,"hd":false,"ddd":0,"bm":0,"hasMask":false,"ao":0,"ks":{"a":{"a":0,"k":[240,240,0],"ix":1},"s":{"a":0,"k":[100,100,100],"ix":6},"sk":{"a":0,"k":0},"p":{"a":0,"k":[240,240,0],"ix":2},"r":{"a":0,"k":0,"ix":10},"sa":{"a":0,"k":0},"o":{"a":0,"k":100,"ix":11}},"ef":[],"w":480,"h":480,"refId":"comp_0","ind":1}],"v":"5.6.2","fr":11,"op":76,"ip":0,"assets":[{"nm":"","id":"comp_0","layers":[{"ty":0,"nm":"PLANETE","sr":1,"st":0,"op":148,"ip":0,"hd":false,"ddd":0,"bm":0,"hasMask":false,"ao":0,"ks":{"a":{"a":0,"k":[960,540,0],"ix":1},"s":{"a":0,"k":[44,44,100],"ix":6},"sk":{"a":0,"k":0},"p":{"a":0,"k":[240,273,0],"ix":2},"r":{"a":0,"k":0,"ix":10},"sa":{"a":0,"k":0},"o":{"a":1,"k":[{"o":{"x":0.333,"y":0},"i":{"x":0.667,"y":1},"s":[0],"t":0},{"s":[100],"t":5}],"ix":11}},"ef":[],"w":1920,"h":1080,"refId":"comp_1","ind":1}]},{"nm":"","id":"comp_1","layers":[{"ty":4,"nm":"Ameriq Mad","sr":1,"st":0,"op":148,"ip":0,"hd":false,"ddd":0,"bm":0,"hasMask":false,"ao":0,"ks":{"a":{"a":0,"k":[256,256,0],"ix":1},"s":{"a":0,"k":[75,75,100],"ix":6},"sk":{"a":0,"k":0},"p":{"a":1,"k":[{"o":{"x":0.677,"y":0},"i":{"x":0.299,"y":1},"s":[1394,900,0],"t":6,"ti":[-158,526,0],"to":[0,0,0]},{"s":[959.5,470.5,0],"t":18}],"ix":2},"r":{"a":0,"k":0,"ix":10},"sa":{"a":0,"k":0},"o":{"a":1,"k":[{"o":{"x":0.167,"y":0.167},"i":{"x":0.833,"y":0.833},"s":[0],"t":6},{"s":[100],"t":18}],"ix":11}},"ef":[],"shapes":[{"ty":"gr","bm":0,"hd":false,"mn":"ADBE Vector Group","nm":"Groupe 2","ix":1,"cix":2,"np":2,"it":[{"ty":"sh","bm":0,"hd":false,"mn":"ADBE Vector Shape - Group","nm":"TracÃ© 1","ix":1,"d":1,"ks":{"a":0,"k":{"c":true,"i":[[-23.248,-34.868],[0,0],[3.69,3.56],[0,0]],"o":[[0,0],[0.571,-5.096],[0,0],[3.748,44.083]],"v":[[17.079,59.925],[24.223,-4.987],[19.277,-18.714],[-24.794,-59.926]]},"ix":2}},{"ty":"fl","bm":0,"hd":false,"mn":"ADBE Vector Graphic - Fill","nm":"Fond 1","c":{"a":0,"k":[0.6863,0.8431,0.3333],"ix":4},"r":1,"o":{"a":0,"k":100,"ix":5}},{"ty":"tr","a":{"a":0,"k":[0,0],"ix":1},"s":{"a":0,"k":[100,100],"ix":3},"sk":{"a":0,"k":0,"ix":4},"p":{"a":0,"k":[25.795,337.885],"ix":2},"r":{"a":0,"k":0,"ix":6},"sa":{"a":0,"k":0,"ix":5},"o":{"a":0,"k":100,"ix":7}}]},{"ty":"gr","bm":0,"hd":false,"mn":"ADBE Vector Group","nm":"Groupe 4","ix":2,"cix":2,"np":2,"it":[{"ty":"sh","bm":0,"hd":false,"mn":"ADBE Vector Shape - Group","nm":"TracÃ© 1","ix":1,"d":1,"ks":{"a":0,"k":{"c":true,"i":[[2.355,0],[1.548,1.298],[-2.937,3.492],[0,0],[-3.491,-2.935],[2.935,-3.491],[0,0]],"o":[[-1.87,0],[-3.492,-2.934],[0,0],[2.927,-3.483],[3.492,2.937],[0,0],[-1.63,1.942]],"v":[[-10.847,21.66],[-16.153,19.725],[-17.16,8.09],[4.516,-17.717],[16.153,-18.725],[17.162,-7.088],[-4.516,18.719]]},"ix":2}},{"ty":"fl","bm":0,"hd":false,"mn":"ADBE Vector Graphic - Fill","nm":"Fond 1","c":{"a":0,"k":[0.7451,0.9098,0.4314],"ix":4},"r":1,"o":{"a":0,"k":100,"ix":5}},{"ty":"tr","a":{"a":0,"k":[0,0],"ix":1},"s":{"a":0,"k":[100,100],"ix":3},"sk":{"a":0,"k":0,"ix":4},"p":{"a":0,"k":[378.323,369.565],"ix":2},"r":{"a":0,"k":0,"ix":6},"sa":{"a":0,"k":0,"ix":5},"o":{"a":0,"k":100,"ix":7}}]}],"ind":1},{"ty":4,"nm":"finlande","sr":1,"st":0,"op":148,"ip":0,"hd":false,"ddd":0,"bm":0,"hasMask":false,"ao":0,"ks":{"a":{"a":0,"k":[256,256,0],"ix":1},"s":{"a":0,"k":[75,75,100],"ix":6},"sk":{"a":0,"k":0},"p":{"a":1,"k":[{"o":{"x":0.892,"y":0},"i":{"x":0.355,"y":1},"s":[1345,202,0],"t":6,"ti":[-70.5,-464,0],"to":[0,0,0]},{"s":[966,463,0],"t":21}],"ix":2},"r":{"a":0,"k":0,"ix":10},"sa":{"a":0,"k":0},"o":{"a":1,"k":[{"o":{"x":0.167,"y":0.167},"i":{"x":0.833,"y":0.833},"s":[0],"t":6},{"s":[100],"t":21}],"ix":11}},"ef":[],"shapes":[{"ty":"gr","bm":0,"hd":false,"mn":"ADBE Vector Group","nm":"Groupe 1","ix":1,"cix":2,"np":2,"it":[{"ty":"sh","bm":0,"hd":false,"mn":"ADBE Vector Shape - Group","nm":"TracÃ© 1","ix":1,"d":1,"ks":{"a":0,"k":{"c":true,"i":[[1.596,0],[9.007,-0.959],[0,0],[-6.492,-2.161],[-1.298,0],[-1.726,5.186],[0,0]],"o":[[-9.261,0],[0,0],[-2.161,6.492],[1.298,0.435],[5.185,0],[0,0],[-1.589,-0.029]],"v":[[12.835,-18.581],[-14.572,-17.102],[-15.432,2.275],[-7.601,17.944],[-3.682,18.581],[8.068,10.113],[17.592,-18.46]]},"ix":2}},{"ty":"fl","bm":0,"hd":false,"mn":"ADBE Vector Graphic - Fill","nm":"Fond 1","c":{"a":0,"k":[0.7451,0.9098,0.4314],"ix":4},"r":1,"o":{"a":0,"k":100,"ix":5}},{"ty":"tr","a":{"a":0,"k":[0,0],"ix":1},"s":{"a":0,"k":[100,100],"ix":3},"sk":{"a":0,"k":0,"ix":4},"p":{"a":0,"k":[243.165,18.581],"ix":2},"r":{"a":0,"k":0,"ix":6},"sa":{"a":0,"k":0,"ix":5},"o":{"a":0,"k":100,"ix":7}}]},{"ty":"gr","bm":0,"hd":false,"mn":"ADBE Vector Group","nm":"Groupe 3","ix":2,"cix":2,"np":2,"it":[{"ty":"sh","bm":0,"hd":false,"mn":"ADBE Vector Shape - Group","nm":"TracÃ© 1","ix":1,"d":1,"ks":{"a":0,"k":{"c":true,"i":[[6.252,-1.786],[0,0],[-4.323,-1.452],[-0.871,0],[-1.162,3.452],[0,0]],"o":[[0,0],[-1.452,4.323],[0.871,0.29],[3.452,0],[0,0],[-6.438,1.311]],"v":[[-5.106,-14.03],[-12.453,7.863],[-7.251,18.322],[-4.622,18.749],[3.209,13.12],[13.905,-18.749]]},"ix":2}},{"ty":"fl","bm":0,"hd":false,"mn":"ADBE Vector Graphic - Fill","nm":"Fond 1","c":{"a":0,"k":[0.7451,0.9098,0.4314],"ix":4},"r":1,"o":{"a":0,"k":100,"ix":5}},{"ty":"tr","a":{"a":0,"k":[0,0],"ix":1},"s":{"a":0,"k":[100,100],"ix":3},"sk":{"a":0,"k":0,"ix":4},"p":{"a":0,"k":[190.679,23.921],"ix":2},"r":{"a":0,"k":0,"ix":6},"sa":{"a":0,"k":0,"ix":5},"o":{"a":0,"k":100,"ix":7}}]}],"ind":2},{"ty":0,"nm":"EUROPE AFRIQQUE  - Comp 2","sr":1,"st":0,"op":148,"ip":0,"hd":false,"ddd":0,"bm":0,"hasMask":false,"ao":0,"ks":{"a":{"a":0,"k":[960,540,0],"ix":1},"s":{"a":0,"k":[75,75,100],"ix":6},"sk":{"a":0,"k":0},"p":{"a":0,"k":[960,466,0],"ix":2},"r":{"a":0,"k":0,"ix":10},"sa":{"a":0,"k":0},"o":{"a":0,"k":100,"ix":11}},"ef":[],"w":1920,"h":1080,"refId":"comp_2","ind":3},{"ty":0,"nm":"terre eau claire masq","sr":1,"st":0,"op":148,"ip":0,"hd":false,"ddd":0,"bm":0,"hasMask":false,"ao":0,"ks":{"a":{"a":0,"k":[960,540,0],"ix":1},"s":{"a":0,"k":[75,75,100],"ix":6},"sk":{"a":0,"k":0},"p":{"a":0,"k":[960,466,0],"ix":2},"r":{"a":0,"k":0,"ix":10},"sa":{"a":0,"k":0},"o":{"a":0,"k":100,"ix":11}},"ef":[{"ty":21,"mn":"ADBE Fill","nm":"Remplir","ix":1,"en":1,"ef":[{"ty":10,"mn":"ADBE Fill-0001","nm":"Remplir le masque","ix":1,"v":{"a":0,"k":0,"ix":1}},{"ty":7,"mn":"ADBE Fill-0007","nm":"Tous les masques","ix":2,"v":{"a":0,"k":0,"ix":2}},{"ty":2,"mn":"ADBE Fill-0002","nm":"Couleur","ix":3,"v":{"a":0,"k":[0,0.5882,0.8588],"ix":3}},{"ty":7,"mn":"ADBE Fill-0006","nm":"Inversion","ix":4,"v":{"a":0,"k":0,"ix":4}},{"ty":0,"mn":"ADBE Fill-0003","nm":"Contour progressif horizontal","ix":5,"v":{"a":0,"k":0,"ix":5}},{"ty":0,"mn":"ADBE Fill-0004","nm":"Contour progressif vertical","ix":6,"v":{"a":0,"k":0,"ix":6}},{"ty":0,"mn":"ADBE Fill-0005","nm":"OpacitÃ© ","ix":7,"v":{"a":0,"k":1,"ix":7}}]}],"w":1920,"h":1080,"refId":"comp_4","ind":4},{"ty":4,"nm":"6","sr":1,"st":0,"op":148,"ip":0,"hd":false,"ddd":0,"bm":0,"hasMask":false,"ao":0,"ks":{"a":{"a":0,"k":[0,0,0],"ix":1},"s":{"a":0,"k":[75,75,100],"ix":6},"sk":{"a":0,"k":0},"p":{"a":0,"k":[960,466,0],"ix":2},"r":{"a":0,"k":0,"ix":10},"sa":{"a":0,"k":0},"o":{"a":0,"k":100,"ix":11}},"ef":[],"shapes":[{"ty":"gr","bm":0,"hd":false,"mn":"ADBE Vector Group","nm":"Forme 1","ix":1,"cix":2,"np":3,"it":[{"ty":"sh","bm":0,"hd":false,"mn":"ADBE Vector Shape - Group","nm":"TracÃ© 1","ix":1,"d":1,"ks":{"a":0,"k":{"c":false,"i":[[0,0],[196,-850.001],[46,1026],[-484,-362]],"o":[[0,0],[-68,491.999],[-2,4],[4,2]],"v":[[-276,-500],[464,296.001],[-478,206],[8,4]]},"ix":2}},{"ty":"st","bm":0,"hd":false,"mn":"ADBE Vector Graphic - Stroke","nm":"Contour 1","lc":2,"lj":2,"ml":1,"o":{"a":0,"k":100,"ix":4},"w":{"a":1,"k":[{"o":{"x":0.849,"y":0},"i":{"x":0.191,"y":1},"s":[8],"t":0},{"s":[523],"t":20}],"ix":5},"c":{"a":0,"k":[0,0.7647,1],"ix":3}},{"ty":"tr","a":{"a":0,"k":[0,0],"ix":1},"s":{"a":0,"k":[100,100],"ix":3},"sk":{"a":0,"k":0,"ix":4},"p":{"a":0,"k":[0,0],"ix":2},"r":{"a":0,"k":0,"ix":6},"sa":{"a":0,"k":0,"ix":5},"o":{"a":0,"k":100,"ix":7}}]},{"ty":"tm","bm":0,"hd":false,"mn":"ADBE Vector Filter - Trim","nm":"RÃ©duire les tracÃ©s 1","ix":2,"e":{"a":1,"k":[{"o":{"x":0.751,"y":0},"i":{"x":0.234,"y":1},"s":[0],"t":0},{"s":[100],"t":17}],"ix":2},"o":{"a":0,"k":0,"ix":3},"s":{"a":1,"k":[{"o":{"x":0.751,"y":0},"i":{"x":0.234,"y":1},"s":[0.1],"t":3},{"s":[99.9],"t":20}],"ix":1},"m":1}],"ind":5}]},{"nm":"","id":"comp_2","layers":[{"ty":0,"nm":"EUROPE AFRIQQUE  - Comp 1","sr":1,"st":0,"op":148,"ip":0,"hd":false,"ddd":0,"bm":0,"hasMask":false,"ao":0,"ks":{"a":{"a":0,"k":[960,540,0],"ix":1},"s":{"a":1,"k":[{"o":{"x":0.333,"y":0},"i":{"x":0.667,"y":1},"s":[68,130,100],"t":10},{"s":[100,100,100],"t":23}],"ix":6},"sk":{"a":0,"k":0},"p":{"a":1,"k":[{"o":{"x":0.844,"y":0},"i":{"x":0.158,"y":1},"s":[252,632,0],"t":10,"ti":[-582,560,0],"to":[0,0,0]},{"s":[973.5,537.5,0],"t":23}],"ix":2},"r":{"a":0,"k":0,"ix":10},"sa":{"a":0,"k":0},"o":{"a":1,"k":[{"o":{"x":0.865,"y":0},"i":{"x":0.108,"y":1},"s":[0],"t":10},{"s":[100],"t":23}],"ix":11}},"ef":[{"ty":5,"mn":"CC Bend It","nm":"CC Bend It","ix":1,"en":1,"ef":[{"ty":0,"mn":"CC Bend It-0001","nm":"Bend","ix":1,"v":{"a":1,"k":[{"o":{"x":0.701,"y":0},"i":{"x":0.177,"y":1},"s":[201],"t":10},{"s":[0],"t":17}],"ix":1}},{"ty":3,"mn":"CC Bend It-0002","nm":"Start","ix":2,"v":{"a":0,"k":[1282.5,354.5],"ix":2}},{"ty":3,"mn":"CC Bend It-0003","nm":"End","ix":3,"v":{"a":0,"k":[106.5,708.5],"ix":3}},{"ty":7,"mn":"CC Bend It-0004","nm":"Render Prestart","ix":4,"v":{"a":0,"k":3,"ix":4}},{"ty":7,"mn":"CC Bend It-0005","nm":"Distort","ix":5,"v":{"a":0,"k":1,"ix":5}}]}],"w":1920,"h":1080,"refId":"comp_3","ind":1}]},{"nm":"","id":"comp_3","layers":[{"ty":4,"nm":"EUROPE AFRIQQUE ","sr":1,"st":0,"op":148,"ip":0,"hd":false,"ddd":0,"bm":0,"hasMask":false,"ao":0,"ks":{"a":{"a":0,"k":[256,256,0],"ix":1},"s":{"a":0,"k":[100,100,100],"ix":6},"sk":{"a":0,"k":0},"p":{"a":0,"k":[960,540,0],"ix":2},"r":{"a":0,"k":0,"ix":10},"sa":{"a":0,"k":0},"o":{"a":0,"k":100,"ix":11}},"ef":[],"shapes":[{"ty":"gr","bm":0,"hd":false,"mn":"ADBE Vector Group","nm":"Groupe 1","ix":1,"cix":2,"np":1,"it":[{"ty":"gr","bm":0,"hd":false,"mn":"ADBE Vector Group","nm":"Groupe 6","ix":1,"cix":2,"np":4,"it":[{"ty":"sh","bm":0,"hd":false,"mn":"ADBE Vector Shape - Group","nm":"TracÃ© 1","ix":1,"d":1,"ks":{"a":0,"k":{"c":true,"i":[[3.782,-2.549],[1.589,0],[1.589,2.363],[0,0],[-3.783,2.549],[-2.541,-3.774],[0,0]],"o":[[-1.411,0.96],[-2.653,0],[0,0],[-2.556,-3.774],[3.766,-2.565],[0,0],[2.556,3.774]],"v":[[84.69,-64.466],[80.077,-63.047],[73.23,-66.684],[56.028,-92.144],[58.246,-103.604],[69.706,-101.386],[86.908,-75.926]]},"ix":2}},{"ty":"sh","bm":0,"hd":false,"mn":"ADBE Vector Shape - Group","nm":"TracÃ© 2","ix":2,"d":1,"ks":{"a":0,"k":{"c":true,"i":[[127.331,14.776],[0,0],[8.072,-2.213],[0,0],[2.213,0],[0,0],[0.547,-4.102],[0,0],[0,0],[0.17,-4.263],[0,0],[-4.945,0.412],[0,0],[-2.538,3.539],[0,0],[0,0],[2.593,-6.66],[0,-1.314],[-4.564,0],[-0.661,3.887],[-3.302,8.376],[-2.072,-3.138],[0,0],[-6.9,1.915],[0,0],[-1.504,3.991],[0,0],[-5.546,1.145],[0,0],[-1.129,-6.525],[6.507,-0.746],[0,0],[0.112,-4.674],[0,0],[-1.574,-0.803],[0,0],[3.175,-4.67],[3.107,0],[0,0],[1.697,0.669],[0,0],[3.416,-3.157],[0,0],[-1.437,-5.838],[0,0],[-7.261,-0.391],[0,0],[-1.128,-12.242],[0,0],[-1.669,-3.482],[-6.815,-8.618],[-7.286,6.634],[0,0],[-0.827,5.674],[0,0],[0,0],[4.994,2.143],[0,0],[3.645,-0.323],[0.645,0],[4.024,6.404],[0,0],[-3.855,2.435],[-2.435,-3.847],[0,0],[-2,0.161],[-0.742,0.492],[0,0],[3.079,3.865],[2.729,-0.313],[0,0],[1.76,1.574],[0,0],[-3.04,3.403],[-3.411,-3.04],[0,0],[0,0],[-1.75,-2.404],[0,0],[0,0],[-3.225,-5.963],[0,0],[-4.063,-1.299],[0,0],[0,1.633]],"o":[[0,0],[-2.558,7.969],[0,0],[-2.134,0.585],[0,0],[-4.139,0],[0,0],[0,0],[-4.261,0.223],[0,0],[-0.198,4.959],[0,0],[4.34,-0.362],[0,0],[0,0],[7.142,-0.255],[-5.819,14.943],[0,4.565],[4.081,0],[0.564,-1.903],[1.379,-3.498],[0,0],[3.947,5.975],[0,0],[4.11,-1.14],[0,0],[1.997,-5.299],[0,0],[6.485,-1.338],[1.153,6.666],[0,0],[-4.673,0.126],[0,0],[-0.042,1.767],[0,0],[5.03,2.566],[-1.747,2.569],[0,0],[-1.824,0],[0,0],[-4.328,-1.705],[0,0],[-4.415,4.081],[0,0],[1.738,7.06],[0,0],[12.277,0.659],[0,0],[0.354,3.844],[5.258,10.969],[8.774,11.098],[0,0],[4.24,-3.86],[0,0],[0,0],[3.924,-4.326],[0,0],[-3.056,2.048],[-0.645,0.056],[-7.468,0],[0,0],[-2.427,-3.863],[3.887,-2.411],[0,0],[1.056,1.694],[0.879,-0.081],[0,0],[4.333,-2.375],[-1.713,-2.149],[0,0],[-2.346,0.27],[0,0],[-3.395,-3.04],[3.032,-3.403],[0,0],[0,0],[2.944,-0.363],[0,0],[0,0],[6.731,-0.808],[0,0],[2.029,3.752],[0,0],[0.03,-1.626],[0,-131.297]],"v":[[-22.251,-205.78],[-32.82,-172.852],[-49.858,-156.531],[-76.37,-149.262],[-82.921,-148.38],[-122.593,-148.38],[-130.778,-141.214],[-135.328,-107.09],[-160.668,-105.763],[-168.488,-97.845],[-169.365,-75.822],[-160.428,-67.263],[-143.546,-68.67],[-132.704,-74.819],[-117.091,-96.595],[-83.698,-97.788],[-74.103,-84.197],[-79.93,-66.66],[-71.672,-58.402],[-63.535,-65.257],[-57.147,-82.134],[-48.945,-83.009],[-46.81,-79.778],[-28.614,-72.968],[-13.868,-77.06],[-4.935,-85.225],[-2.107,-92.729],[10.009,-103.079],[19.539,-105.046],[34.029,-95.938],[23.991,-82.47],[1.012,-81.853],[-7.526,-73.288],[-7.578,-71.088],[-5.071,-66.883],[8.143,-60.141],[11.637,-46.509],[3.879,-42.403],[-65.814,-42.403],[-71.143,-43.415],[-129.625,-66.453],[-142.29,-64.078],[-197.676,-12.888],[-202.503,3.189],[-191.242,48.936],[-176.091,61.481],[-113.693,64.836],[-90.353,87.302],[-85.62,138.689],[-82.584,149.722],[-58.252,194.242],[-20.575,199.146],[30.159,157.631],[37.996,142.886],[43.94,102.114],[84.227,57.716],[81.395,44.614],[80.673,45.098],[70.447,48.711],[68.512,48.8],[50.093,38.606],[19.335,-10.233],[21.924,-21.628],[33.319,-19.039],[64.077,29.808],[69.004,32.26],[71.488,31.381],[113.063,8.597],[115.465,-3.349],[108.326,-6.3],[99.593,-5.296],[93.138,-7.347],[66.988,-30.739],[66.343,-42.4],[78.004,-43.045],[101.391,-22.126],[115.601,-23.763],[123.214,-20.432],[125.948,-16.69],[139.798,-18.352],[156.294,-9.81],[184.262,41.903],[193.756,49.776],[203.817,53.31],[203.94,48.439]]},"ix":2}},{"ty":"mm","bm":0,"hd":false,"mn":"ADBE Vector Filter - Merge","nm":"Fusionner les tracÃ©s 1","mm":1},{"ty":"fl","bm":0,"hd":false,"mn":"ADBE Vector Graphic - Fill","nm":"Fond 1","c":{"a":0,"k":[0.7451,0.9098,0.4314],"ix":4},"r":1,"o":{"a":0,"k":100,"ix":5}},{"ty":"tr","a":{"a":0,"k":[0,0],"ix":1},"s":{"a":0,"k":[100,100],"ix":3},"sk":{"a":0,"k":0,"ix":4},"p":{"a":0,"k":[308.06,207.563],"ix":2},"r":{"a":0,"k":0,"ix":6},"sa":{"a":0,"k":0,"ix":5},"o":{"a":0,"k":100,"ix":7}}]},{"ty":"tr","a":{"a":0,"k":[308.539,206.421],"ix":1},"s":{"a":0,"k":[100,100],"ix":3},"sk":{"a":0,"k":0,"ix":4},"p":{"a":0,"k":[308.539,206.421],"ix":2},"r":{"a":0,"k":0,"ix":6},"sa":{"a":0,"k":0,"ix":5},"o":{"a":0,"k":100,"ix":7}}]}],"ind":1}]},{"nm":"","id":"comp_4","layers":[{"ty":4,"nm":"7","sr":1,"st":3,"op":151,"ip":3,"hd":false,"ddd":0,"bm":0,"hasMask":false,"td":1,"ao":0,"ks":{"a":{"a":0,"k":[0,0,0],"ix":1},"s":{"a":0,"k":[100,100,100],"ix":6},"sk":{"a":0,"k":0},"p":{"a":1,"k":[{"o":{"x":0.288,"y":0},"i":{"x":0,"y":1},"s":[960,540,0],"t":17,"ti":[-13.667,14.667,0],"to":[13.667,-14.667,0]},{"s":[1042,452,0],"t":28}],"ix":2},"r":{"a":0,"k":0,"ix":10},"sa":{"a":0,"k":0},"o":{"a":0,"k":100,"ix":11}},"ef":[],"shapes":[{"ty":"gr","bm":0,"hd":false,"mn":"ADBE Vector Group","nm":"Forme 1","ix":1,"cix":2,"np":3,"it":[{"ty":"sh","bm":0,"hd":false,"mn":"ADBE Vector Shape - Group","nm":"TracÃ© 1","ix":1,"d":1,"ks":{"a":0,"k":{"c":false,"i":[[0,0],[168,-746.001],[46,1026],[-484,-362]],"o":[[0,0],[-68,491.999],[-2,4],[4,2]],"v":[[-30,-420],[464,296.001],[-478,206],[8,4]]},"ix":2}},{"ty":"st","bm":0,"hd":false,"mn":"ADBE Vector Graphic - Stroke","nm":"Contour 1","lc":2,"lj":2,"ml":1,"o":{"a":0,"k":100,"ix":4},"w":{"a":1,"k":[{"o":{"x":0.888,"y":0},"i":{"x":0.086,"y":1},"s":[0],"t":3},{"s":[523],"t":22}],"ix":5},"c":{"a":0,"k":[0.5294,0.8627,1],"ix":3}},{"ty":"tr","a":{"a":0,"k":[0,0],"ix":1},"s":{"a":0,"k":[100,100],"ix":3},"sk":{"a":0,"k":0,"ix":4},"p":{"a":0,"k":[0,0],"ix":2},"r":{"a":0,"k":0,"ix":6},"sa":{"a":0,"k":0,"ix":5},"o":{"a":0,"k":100,"ix":7}}]},{"ty":"tm","bm":0,"hd":false,"mn":"ADBE Vector Filter - Trim","nm":"RÃ©duire les tracÃ©s 1","ix":2,"e":{"a":1,"k":[{"o":{"x":0.718,"y":0},"i":{"x":0.234,"y":1},"s":[0],"t":3},{"s":[100],"t":20}],"ix":2},"o":{"a":0,"k":0,"ix":3},"s":{"a":1,"k":[{"o":{"x":0.718,"y":0},"i":{"x":0.234,"y":1},"s":[0.1],"t":5},{"s":[99.9],"t":22}],"ix":1},"m":1}],"ind":1},{"ty":4,"nm":"8","sr":1,"st":0,"op":148,"ip":0,"hd":false,"ddd":0,"bm":0,"tt":4,"hasMask":false,"ao":0,"ks":{"a":{"a":0,"k":[0,0,0],"ix":1},"s":{"a":0,"k":[100,100,100],"ix":6},"sk":{"a":0,"k":0},"p":{"a":0,"k":[960,540,0],"ix":2},"r":{"a":0,"k":0,"ix":10},"sa":{"a":0,"k":0},"o":{"a":0,"k":100,"ix":11}},"ef":[],"shapes":[{"ty":"gr","bm":0,"hd":false,"mn":"ADBE Vector Group","nm":"Forme 1","ix":1,"cix":2,"np":3,"it":[{"ty":"sh","bm":0,"hd":false,"mn":"ADBE Vector Shape - Group","nm":"TracÃ© 1","ix":1,"d":1,"ks":{"a":0,"k":{"c":false,"i":[[0,0],[196,-850.001],[46,1026],[-484,-362]],"o":[[0,0],[-68,491.999],[-2,4],[4,2]],"v":[[-276,-500],[464,296.001],[-478,206],[8,4]]},"ix":2}},{"ty":"st","bm":0,"hd":false,"mn":"ADBE Vector Graphic - Stroke","nm":"Contour 1","lc":2,"lj":2,"ml":1,"o":{"a":0,"k":100,"ix":4},"w":{"a":1,"k":[{"o":{"x":0.849,"y":0},"i":{"x":0.191,"y":1},"s":[8],"t":0},{"s":[523],"t":20}],"ix":5},"c":{"a":0,"k":[0,0.7647,1],"ix":3}},{"ty":"tr","a":{"a":0,"k":[0,0],"ix":1},"s":{"a":0,"k":[100,100],"ix":3},"sk":{"a":0,"k":0,"ix":4},"p":{"a":0,"k":[0,0],"ix":2},"r":{"a":0,"k":0,"ix":6},"sa":{"a":0,"k":0,"ix":5},"o":{"a":0,"k":100,"ix":7}}]},{"ty":"tm","bm":0,"hd":false,"mn":"ADBE Vector Filter - Trim","nm":"RÃ©duire les tracÃ©s 1","ix":2,"e":{"a":1,"k":[{"o":{"x":0.751,"y":0},"i":{"x":0.234,"y":1},"s":[0],"t":0},{"s":[100],"t":17}],"ix":2},"o":{"a":0,"k":0,"ix":3},"s":{"a":1,"k":[{"o":{"x":0.751,"y":0},"i":{"x":0.234,"y":1},"s":[0.1],"t":3},{"s":[99.9],"t":20}],"ix":1},"m":1}],"ind":2}]}]}