{"nm":"Comp 1","ddd":0,"h":500,"w":500,"meta":{"g":"@lottiefiles/toolkit-js 0.33.2"},"layers":[{"ty":5,"nm":"Get Started 2","sr":1,"st":0,"op":30.0000012219251,"ip":0,"hd":false,"ddd":0,"bm":0,"hasMask":false,"ao":0,"ks":{"a":{"a":0,"k":[-5.424,-4.603,0],"ix":1},"s":{"a":0,"k":[121.359,121.359,100],"ix":6},"sk":{"a":0,"k":0},"p":{"a":0,"k":[189.194,272.026,0],"ix":2},"r":{"a":0,"k":0,"ix":10},"sa":{"a":0,"k":0},"o":{"a":0,"k":100,"ix":11}},"ef":[],"t":{"m":{"a":{"a":0,"k":[0,0],"ix":2},"g":1},"p":{},"a":[],"d":{"k":[{"s":{"f":"Roboto-Regular","s":18,"t":"Get Started","fc":[0.9725,0.949,0.949],"lh":21.6,"tr":0,"j":0,"ca":0},"t":0}]}},"ind":1},{"ty":3,"nm":"â½ top_btn","sr":1,"st":0,"op":30.0000012219251,"ip":0,"hd":false,"ddd":0,"bm":0,"hasMask":false,"ao":0,"ks":{"a":{"a":0,"k":[0,0,0],"ix":1},"s":{"a":0,"k":[100,100,100],"ix":6},"sk":{"a":0,"k":0},"p":{"a":0,"k":[106.796,233.883,0],"ix":2},"r":{"a":0,"k":0,"ix":10},"sa":{"a":0,"k":0},"o":{"a":0,"k":100,"ix":11}},"ef":[],"ind":2},{"ty":4,"nm":"Rectangle","sr":1,"st":0,"op":30.0000012219251,"ip":0,"hd":false,"ddd":0,"bm":0,"hasMask":false,"ao":0,"ks":{"a":{"a":0,"k":[0,0,0],"ix":1},"s":{"a":0,"k":[100,100,100],"ix":6},"sk":{"a":0,"k":0},"p":{"a":0,"k":[143.811,35.801,0],"ix":2},"r":{"a":0,"k":0,"ix":10},"sa":{"a":0,"k":0},"o":{"a":0,"k":100,"ix":11}},"ef":[],"shapes":[{"ty":"gr","bm":0,"hd":false,"mn":"ADBE Vector Group","nm":"Rectangle","ix":1,"cix":2,"np":3,"it":[{"ty":"rc","bm":0,"hd":false,"mn":"ADBE Vector Shape - Rect","nm":"Rectangle Path 1","d":1,"p":{"a":0,"k":[0,0],"ix":3},"r":{"a":0,"k":100,"ix":4},"s":{"a":0,"k":[237,59],"ix":2}},{"ty":"st","bm":0,"hd":false,"mn":"ADBE Vector Graphic - Stroke","nm":"Stroke 1","lc":1,"lj":1,"ml":4,"o":{"a":0,"k":100,"ix":4},"w":{"a":0,"k":3,"ix":5},"c":{"a":0,"k":[0.0431,0.0431,0.0431],"ix":3}},{"ty":"fl","bm":0,"hd":false,"mn":"ADBE Vector Graphic - Fill","nm":"Fill 1","c":{"a":0,"k":[0.1804,0.4902,0.1961],"ix":4},"r":1,"o":{"a":0,"k":100,"ix":5}},{"ty":"tr","a":{"a":0,"k":[0,0],"ix":1},"s":{"a":0,"k":[121.359,121.359],"ix":3},"sk":{"a":0,"k":0,"ix":4},"p":{"a":0,"k":[0,0],"ix":2},"r":{"a":0,"k":0,"ix":6},"sa":{"a":0,"k":0,"ix":5},"o":{"a":0,"k":100,"ix":7}}]}],"ind":3,"parent":2},{"ty":4,"nm":"bottom_anim","sr":1,"st":0,"op":30.0000012219251,"ip":0,"hd":false,"ddd":0,"bm":0,"hasMask":false,"ao":0,"ks":{"a":{"a":0,"k":[0,0,0],"ix":1},"s":{"a":1,"k":[{"o":{"x":0.167,"y":0.167},"i":{"x":0.833,"y":0.833},"s":[100,100,100],"t":0},{"s":[113,142.715,100],"t":15.0000006109625}],"ix":6},"sk":{"a":0,"k":0},"p":{"a":0,"k":[250.607,269.527,0],"ix":2},"r":{"a":0,"k":0,"ix":10},"sa":{"a":0,"k":0},"o":{"a":1,"k":[{"o":{"x":0.167,"y":0.167},"i":{"x":0.833,"y":0.833},"s":[100],"t":8},{"s":[0],"t":17.0000006924242}],"ix":11}},"ef":[],"shapes":[{"ty":"gr","bm":0,"hd":false,"mn":"ADBE Vector Group","nm":"bottom_anim","ix":1,"cix":2,"np":2,"it":[{"ty":"rc","bm":0,"hd":false,"mn":"ADBE Vector Shape - Rect","nm":"Rectangle Path 1","d":1,"p":{"a":0,"k":[0,0],"ix":3},"r":{"a":0,"k":100,"ix":4},"s":{"a":0,"k":[237,59],"ix":2}},{"ty":"fl","bm":0,"hd":false,"mn":"ADBE Vector Graphic - Fill","nm":"Fill 1","c":{"a":0,"k":[0.1804,0.4902,0.1961],"ix":4},"r":1,"o":{"a":0,"k":100,"ix":5}},{"ty":"tr","a":{"a":0,"k":[0,0],"ix":1},"s":{"a":0,"k":[121.359,121.359],"ix":3},"sk":{"a":0,"k":0,"ix":4},"p":{"a":0,"k":[0,0],"ix":2},"r":{"a":0,"k":0,"ix":6},"sa":{"a":0,"k":0,"ix":5},"o":{"a":0,"k":100,"ix":7}}]}],"ind":4}],"v":"5.1.16","fr":29.9700012207031,"op":30.0000012219251,"ip":0,"fonts":{"list":[{"ascent":75,"fClass":"","fFamily":"Roboto","fStyle":"Regular","fName":"Roboto-Regular","fPath":"","fWeight":"","origin":0}]},"chars":[{"ch":"G","fFamily":"Roboto","size":18,"style":"Regular","w":68.12,"data":{"shapes":[{"ty":"gr","bm":0,"hd":false,"mn":"ADBE Vector Group","nm":"G","ix":1,"cix":2,"np":3,"it":[{"ty":"sh","bm":0,"hd":false,"mn":"ADBE Vector Shape - Group","nm":"G","ix":1,"d":1,"ks":{"a":0,"k":{"c":true,"i":[[0,0],[0,0],[0,0],[0,0],[0,0],[2.637,-0.78],[3.516,0],[3.645,4.708],[0,7.982],[0,0],[-3.239,4.414],[-6.283,0],[-1.758,-9.44],[0,0],[4.524,3.793],[7.422,0],[4.996,-5.891],[0,-10.709],[0,0],[-2.458,-5.013],[-4.492,-2.718],[-5.795,0],[-4.314,1.709],[-2.409,3.451]],"o":[[0,0],[0,0],[0,0],[0,0],[-1.726,1.851],[-2.637,0.78],[-6.218,0],[-3.646,-4.707],[0,0],[0.032,-8.372],[3.239,-4.414],[9.44,0],[0,0],[-1.009,-6.966],[-4.525,-3.792],[-9.05,0],[-4.997,5.892],[0,0],[0.065,6.609],[2.457,5.013],[4.492,2.718],[5.729,0],[4.313,-1.709],[0,0]],"v":[[60.742,-35.4],[34.961,-35.4],[34.961,-27.734],[51.416,-27.734],[51.416,-11.804],[44.873,-7.858],[35.645,-6.689],[20.85,-13.751],[15.381,-32.786],[15.381,-38.601],[20.288,-57.782],[34.57,-64.404],[51.367,-50.244],[60.742,-50.244],[52.441,-66.382],[34.521,-72.07],[13.452,-63.232],[5.957,-38.33],[5.957,-32.129],[9.741,-14.697],[20.166,-3.101],[35.596,0.977],[50.659,-1.587],[60.742,-9.326]]},"ix":2}}]}]}},{"ch":"e","fFamily":"Roboto","size":18,"style":"Regular","w":52.98,"data":{"shapes":[{"ty":"gr","bm":0,"hd":false,"mn":"ADBE Vector Group","nm":"e","ix":1,"cix":2,"np":5,"it":[{"ty":"sh","bm":0,"hd":false,"mn":"ADBE Vector Shape - Group","nm":"e","ix":1,"d":1,"ks":{"a":0,"k":{"c":true,"i":[[-4.427,6.804],[0,0],[2.213,-1.302],[3.19,0],[2.913,3.207],[0.13,5.209],[0,0],[0,0],[3.809,4.525],[6.868,0],[3.596,-2.327],[2.002,-4.118],[0,-5.241],[0,0],[-4.492,-4.704],[-7.162,0]],"o":[[0,0],[-1.66,2.148],[-2.214,1.302],[-4.492,0],[-2.914,-3.206],[0,0],[0,0],[0,-8.43],[-3.809,-4.524],[-4.199,0],[-3.597,2.328],[-2.002,4.118],[0,0],[0,7.878],[4.492,4.704],[8.854,0]],"v":[[48.682,-9.229],[43.164,-13.525],[37.354,-8.35],[29.248,-6.396],[18.14,-11.206],[13.574,-23.828],[49.365,-23.828],[49.365,-27.588],[43.652,-47.021],[27.637,-53.809],[15.942,-50.317],[7.544,-40.649],[4.541,-26.611],[4.541,-24.951],[11.279,-6.079],[28.76,0.977]]},"ix":2}},{"ty":"sh","bm":0,"hd":false,"mn":"ADBE Vector Shape - Group","nm":"e","ix":2,"d":1,"ks":{"a":0,"k":{"c":true,"i":[[-2.214,-2.522],[-0.261,-4.59],[0,0],[0,0],[-2.474,2.654],[-3.646,0]],"o":[[2.213,2.523],[0,0],[0,0],[0.586,-4.785],[2.473,-2.653],[3.776,0]],"v":[[36.621,-42.603],[40.332,-31.934],[40.332,-31.25],[13.867,-31.25],[18.457,-42.407],[27.637,-46.387]]},"ix":2}}]}]}},{"ch":"t","fFamily":"Roboto","size":18,"style":"Regular","w":32.67,"data":{"shapes":[{"ty":"gr","bm":0,"hd":false,"mn":"ADBE Vector Group","nm":"t","ix":1,"cix":2,"np":3,"it":[{"ty":"sh","bm":0,"hd":false,"mn":"ADBE Vector Shape - Group","nm":"t","ix":1,"d":1,"ks":{"a":0,"k":{"c":true,"i":[[0,0],[0,0],[0,0],[0,0],[0,0],[0,0],[-2.051,-2.441],[-4.037,0],[-2.377,0.647],[0,0],[1.041,0],[0.879,1.059],[0,2.119],[0,0],[0,0],[0,0],[0,0],[0,0]],"o":[[0,0],[0,0],[0,0],[0,0],[0,0],[0,4.492],[2.051,2.441],[2.246,0],[0,0],[-1.823,0.391],[-2.116,0],[-0.879,-1.059],[0,0],[0,0],[0,0],[0,0],[0,0],[0,0]],"v":[[10.059,-65.625],[10.059,-52.832],[0.439,-52.832],[0.439,-45.85],[10.059,-45.85],[10.059,-13.086],[13.135,-2.686],[22.266,0.977],[29.199,0.006],[29.199,-7.275],[24.902,-6.689],[20.41,-8.278],[19.092,-13.045],[19.092,-45.85],[28.955,-45.85],[28.955,-52.832],[19.092,-52.832],[19.092,-65.625]]},"ix":2}}]}]}},{"ch":" ","fFamily":"Roboto","size":18,"style":"Regular","w":24.76},{"ch":"S","fFamily":"Roboto","size":18,"style":"Regular","w":59.33,"data":{"shapes":[{"ty":"gr","bm":0,"hd":false,"mn":"ADBE Vector Group","nm":"S","ix":1,"cix":2,"np":3,"it":[{"ty":"sh","bm":0,"hd":false,"mn":"ADBE Vector Shape - Group","nm":"S","ix":1,"d":1,"ks":{"a":0,"k":{"c":true,"i":[[-2.441,-1.904],[0,-3.483],[2.637,-2.018],[4.948,0],[3.174,2.49],[0,4.297],[0,0],[-2.295,-3.255],[-4.232,-1.871],[-4.883,0],[-4.492,3.467],[0,5.762],[1.611,2.67],[3.336,2.002],[5.908,1.663],[2.457,2.006],[0,2.903],[-2.588,2.039],[-4.623,0],[-2.734,-2.466],[0,-4.312],[0,0],[2.1,3.32],[3.825,1.888],[4.883,0],[4.475,-3.662],[0,-5.598],[-3.662,-3.369],[-8.041,-2.311]],"o":[[2.441,1.904],[0,3.484],[-2.637,2.019],[-5.306,0],[-3.174,-2.49],[0,0],[0,4.134],[2.295,3.255],[4.231,1.871],[7.52,0],[4.492,-3.467],[0,-3.613],[-1.611,-2.669],[-3.337,-2.002],[-5.908,-1.663],[-2.458,-2.005],[0,-3.619],[2.588,-2.039],[4.98,0],[2.734,2.467],[0,0],[0,-3.938],[-2.1,-3.32],[-3.825,-1.888],[-7.162,0],[-4.476,3.662],[0,4.948],[3.662,3.369],[6.413,1.855]],"v":[[42.48,-26.05],[46.143,-17.969],[42.188,-9.717],[30.811,-6.689],[18.091,-10.425],[13.33,-20.605],[3.906,-20.605],[7.349,-9.521],[17.139,-1.831],[30.811,0.977],[48.828,-4.224],[55.566,-18.066],[53.149,-27.49],[45.728,-34.497],[31.86,-39.995],[19.312,-45.498],[15.625,-52.86],[19.507,-61.346],[30.322,-64.404],[41.895,-60.705],[45.996,-50.537],[55.42,-50.537],[52.271,-61.426],[43.384,-69.238],[30.322,-72.07],[12.866,-66.577],[6.152,-52.686],[11.646,-40.21],[29.199,-31.689]]},"ix":2}}]}]}},{"ch":"a","fFamily":"Roboto","size":18,"style":"Regular","w":54.39,"data":{"shapes":[{"ty":"gr","bm":0,"hd":false,"mn":"ADBE Vector Group","nm":"a","ix":1,"cix":2,"np":5,"it":[{"ty":"sh","bm":0,"hd":false,"mn":"ADBE Vector Shape - Group","nm":"a","ix":1,"d":1,"ks":{"a":0,"k":{"c":true,"i":[[0,0],[0,0],[0,4.851],[0,0],[3.45,3.044],[6.087,0],[3.206,-1.432],[1.871,-2.457],[0,-2.637],[0,0],[-2.181,1.628],[-3.223,0],[-1.888,-1.871],[0,-3.157],[0,0],[0,0],[4.182,-3.043],[0,-5.501],[-3.337,-2.946],[-5.209,0],[-4.199,4.362],[-0.521,-1.041]],"o":[[0,0],[-1.237,-2.864],[0,0],[-0.13,-5.338],[-3.451,-3.043],[-3.841,0],[-3.207,1.433],[-1.872,2.458],[0,0],[0,-2.311],[2.18,-1.627],[3.678,0],[1.888,1.872],[0,0],[0,0],[-7.585,0],[-4.183,3.044],[0,4.525],[3.336,2.946],[5.827,0],[0.325,2.67],[0,0]],"v":[[48.926,0],[48.926,-0.781],[47.07,-12.354],[47.07,-36.67],[41.699,-49.243],[27.393,-53.809],[16.821,-51.66],[9.204,-45.825],[6.396,-38.184],[15.479,-38.184],[18.75,-44.092],[26.855,-46.533],[35.205,-43.726],[38.037,-36.182],[38.037,-32.031],[29.248,-32.031],[11.597,-27.466],[5.322,-14.648],[10.327,-3.442],[23.145,0.977],[38.184,-5.566],[39.453,0]]},"ix":2}},{"ty":"sh","bm":0,"hd":false,"mn":"ADBE Vector Shape - Group","nm":"a","ix":2,"d":1,"ks":{"a":0,"k":{"c":true,"i":[[1.888,1.595],[0,2.832],[-11.068,0],[0,0],[0,0],[2.539,-1.465],[2.832,0]],"o":[[-1.888,-1.595],[0,-6.477],[0,0],[0,0],[-1.14,2.344],[-2.539,1.465],[-2.962,0]],"v":[[17.188,-9.277],[14.355,-15.918],[30.957,-25.635],[38.037,-25.635],[38.037,-14.795],[32.52,-9.082],[24.463,-6.885]]},"ix":2}}]}]}},{"ch":"r","fFamily":"Roboto","size":18,"style":"Regular","w":33.84,"data":{"shapes":[{"ty":"gr","bm":0,"hd":false,"mn":"ADBE Vector Group","nm":"r","ix":1,"cix":2,"np":3,"it":[{"ty":"sh","bm":0,"hd":false,"mn":"ADBE Vector Shape - Group","nm":"r","ix":1,"d":1,"ks":{"a":0,"k":{"c":true,"i":[[0,0],[1.758,0],[2.962,-4.72],[0,0],[0,0],[0,0],[0,0],[0,0],[-5.925,0],[-1.367,-0.227]],"o":[[-0.912,-0.455],[-5.437,0],[0,0],[0,0],[0,0],[0,0],[0,0],[2.116,-5.045],[1.595,0],[0,0]],"v":[[32.373,-53.125],[28.369,-53.809],[15.771,-46.729],[15.625,-52.832],[6.836,-52.832],[6.836,0],[15.869,0],[15.869,-37.5],[27.93,-45.068],[32.373,-44.727]]},"ix":2}}]}]}},{"ch":"d","fFamily":"Roboto","size":18,"style":"Regular","w":56.4,"data":{"shapes":[{"ty":"gr","bm":0,"hd":false,"mn":"ADBE Vector Group","nm":"d","ix":1,"cix":2,"np":5,"it":[{"ty":"sh","bm":0,"hd":false,"mn":"ADBE Vector Shape - Group","nm":"d","ix":1,"d":1,"ks":{"a":0,"k":{"c":true,"i":[[0,0],[-3.857,-5.013],[-6.12,0],[-3.613,4.427],[0,0],[0,0],[0,0],[0,0],[0,0],[6.184,0],[3.841,-4.932],[0,-8.105]],"o":[[0,8.073],[3.857,5.013],[6.445,0],[0,0],[0,0],[0,0],[0,0],[0,0],[-3.613,-4.231],[-6.218,0],[-3.841,4.932],[0,0]],"v":[[4.639,-26.172],[10.425,-6.543],[25.391,0.977],[40.479,-5.664],[40.918,0],[49.219,0],[49.219,-75],[40.186,-75],[40.186,-47.461],[25.488,-53.809],[10.4,-46.411],[4.639,-26.855]]},"ix":2}},{"ty":"sh","bm":0,"hd":false,"mn":"ADBE Vector Shape - Group","nm":"d","ix":2,"d":1,"ks":{"a":0,"k":{"c":true,"i":[[-2.474,3.418],[-4.427,0],[-2.702,-4.98],[0,0],[5.729,0],[2.473,3.386],[0,5.99]],"o":[[2.473,-3.418],[5.598,0],[0,0],[-2.637,5.144],[-4.362,0],[-2.474,-3.385],[0,-6.705]],"v":[[17.383,-41.016],[27.734,-46.143],[40.186,-38.672],[40.186,-14.404],[27.637,-6.689],[17.383,-11.768],[13.672,-25.83]]},"ix":2}}]}]}}],"assets":[]}